ds,y
7/1/19,2.01
6/28/19,1.993
6/27/19,2.02
6/26/19,2.021
6/25/19,1.977
6/24/19,1.945
6/21/19,1.958
6/20/19,1.882
6/19/19,1.825
6/18/19,1.799
6/17/19,1.765
6/14/19,1.823
6/13/19,1.801
6/12/19,1.856
6/11/19,1.903
6/10/19,1.891
6/7/19,1.906
6/6/19,1.888
6/5/19,1.856
6/4/19,1.905
6/3/19,1.881
5/31/19,1.917
5/30/19,2.047
5/29/19,2.145
5/28/19,2.166
5/24/19,2.16
5/23/19,2.167
5/22/19,2.244
5/21/19,2.402
5/20/19,2.431
5/17/19,2.446
5/16/19,2.52
5/15/19,2.43
5/14/19,2.397
5/13/19,2.235
5/10/19,2.261
5/9/19,2.367
5/8/19,2.438
5/7/19,2.393
5/6/19,2.322
5/3/19,2.312
5/2/19,2.319
5/1/19,2.301
4/30/19,2.285
4/29/19,2.267
4/26/19,2.208
4/25/19,2.209
4/24/19,2.208
4/23/19,2.229
4/22/19,2.231
4/18/19,2.198
4/17/19,2.191
4/16/19,2.269
4/15/19,2.249
4/12/19,2.254
4/11/19,2.254
4/10/19,2.211
4/9/19,2.184
4/8/19,2.172
4/5/19,2.159
4/4/19,2.127
4/3/19,2.126
4/2/19,2.11
4/1/19,2.092
3/29/19,2.061
3/28/19,2.062
3/27/19,2.095
3/26/19,2.055
3/25/19,2.036
3/22/19,2.017
3/21/19,2.039
3/20/19,2.026
3/19/19,1.995
3/18/19,1.971
3/15/19,1.968
3/14/19,1.976
3/13/19,2.003
3/12/19,1.978
3/11/19,2.022
3/8/19,2.007
3/7/19,2.016
3/6/19,2.011
3/5/19,2.013
3/4/19,2.007
3/1/19,1.997
2/28/19,2.017
2/27/19,1.998
2/26/19,1.978
2/25/19,1.95
2/22/19,2.107
2/21/19,2.11
2/20/19,1.994
2/19/19,1.983
2/18/19,1.969
2/15/19,1.969
2/14/19,1.925
2/13/19,1.89
2/12/19,1.858
2/11/19,1.846
2/8/19,1.871
2/7/19,1.846
2/6/19,1.857
2/5/19,1.838
2/4/19,1.849
2/1/19,1.845
1/31/19,1.813
1/30/19,1.828
1/29/19,1.821
1/28/19,1.754
1/25/19,1.816
1/24/19,1.821
1/23/19,1.823
1/22/19,1.856
1/18/19,1.863
1/17/19,1.818
1/16/19,1.829
1/15/19,1.827
1/14/19,1.811
1/11/19,1.871
1/10/19,1.887
1/9/19,1.888
1/8/19,1.83
1/7/19,1.791
1/4/19,1.786
1/3/19,1.746
1/2/19,1.712
12/28/18,1.656
12/27/18,1.698
12/26/18,1.758
12/21/18,1.741
12/20/18,1.802
12/19/18,1.822
12/18/18,1.8
12/17/18,1.846
12/14/18,1.853
12/13/18,1.898
12/12/18,1.861
12/11/18,1.804
12/10/18,1.79
12/7/18,1.834
12/6/18,1.818
12/5/18,1.841
12/4/18,1.842
12/3/18,1.852
11/30/18,1.786
11/29/18,1.809
11/28/18,1.809
11/27/18,1.855
11/26/18,1.858
11/21/18,1.95
11/20/18,1.982
11/19/18,2.084
11/16/18,2.092
11/15/18,2.088
11/14/18,2.108
11/13/18,2.075
11/12/18,2.173
11/9/18,2.202
11/8/18,2.214
11/7/18,2.284
11/6/18,2.234
11/5/18,2.239
11/2/18,2.221
11/1/18,2.244
10/31/18,2.296
10/30/18,2.31
10/29/18,2.327
10/26/18,2.357
10/25/18,2.316
10/24/18,2.279
10/23/18,2.285
10/22/18,2.363
10/19/18,2.345
10/18/18,2.337
10/17/18,2.353
10/16/18,2.375
10/15/18,2.364
10/12/18,2.365
10/11/18,2.361
10/10/18,2.42
10/9/18,2.454
10/8/18,2.427
10/5/18,2.423
10/4/18,2.434
10/3/18,2.421
10/2/18,2.442
10/1/18,2.444
9/28/18,2.387
9/27/18,2.356
9/26/18,2.348
9/25/18,2.343
9/24/18,2.33
9/21/18,2.265
9/20/18,2.269
9/19/18,2.282
9/18/18,2.272
9/17/18,2.243
9/14/18,2.24
9/13/18,2.267
9/12/18,2.301
9/11/18,2.301
9/10/18,2.264
9/7/18,2.263
9/6/18,2.256
9/5/18,2.282
9/4/18,2.294
8/31/18,2.291
8/30/18,2.306
8/29/18,2.305
8/28/18,2.272
8/27/18,2.273
8/24/18,2.255
8/23/18,2.227
8/22/18,2.221
8/21/18,2.177
8/20/18,2.166
8/17/18,2.146
8/16/18,2.141
8/15/18,2.137
8/14/18,2.174
8/13/18,2.187
8/10/18,2.205
8/9/18,2.172
8/8/18,2.149
8/7/18,2.2
8/6/18,2.189
8/3/18,2.182
8/2/18,2.18
8/1/18,2.151
7/31/18,2.186
7/30/18,2.223
7/27/18,2.211
7/26/18,2.208
7/25/18,2.198
7/24/18,2.178
7/23/18,2.16
7/20/18,2.143
7/19/18,2.128
7/18/18,2.128
7/17/18,2.102
7/16/18,2.095
7/13/18,2.158
7/12/18,2.15
7/11/18,2.145
7/10/18,2.25
7/9/18,2.227
7/6/18,2.2
7/5/18,2.221
7/3/18,2.199
7/2/18,2.177
6/29/18,2.231
6/28/18,2.2
6/27/18,2.198
6/26/18,2.156
6/25/18,2.141
6/22/18,2.15
6/21/18,2.109
6/20/18,2.129
6/19/18,2.183
6/18/18,2.17
6/15/18,2.119
6/14/18,2.199
6/13/18,2.222
6/12/18,2.198
6/11/18,2.199
6/8/18,2.204
6/7/18,2.232
6/6/18,2.187
6/5/18,2.206
6/4/18,2.212
6/1/18,2.244
5/31/18,2.277
5/30/18,2.295
5/29/18,2.25
5/25/18,2.258
5/24/18,2.322
5/23/18,2.342
5/22/18,2.332
5/21/18,2.337
5/18/18,2.332
5/17/18,2.349
5/16/18,2.334
5/15/18,2.311
5/14/18,2.32
5/11/18,2.311
5/10/18,2.311
5/9/18,2.317
5/8/18,2.261
5/7/18,2.266
5/4/18,2.24
5/3/18,2.208
5/2/18,2.202
5/1/18,2.193
4/30/18,2.251
4/27/18,2.214
4/26/18,2.212
4/25/18,2.196
4/24/18,2.195
4/23/18,2.199
4/20/18,2.201
4/19/18,2.195
4/18/18,2.197
4/17/18,2.146
4/16/18,2.158
4/13/18,2.204
4/12/18,2.172
4/11/18,2.172
4/10/18,2.154
4/9/18,2.089
4/6/18,2.04
4/5/18,2.054
4/4/18,2.043
4/3/18,2.083
4/2/18,2.068
3/29/18,2.102
3/28/18,2.098
3/27/18,2.094
3/26/18,2.09
3/23/18,2.097
3/22/18,2.063
3/21/18,2.088
3/20/18,2.01
3/19/18,1.968
3/16/18,1.961
3/15/18,1.945
3/14/18,1.937
3/13/18,1.925
3/12/18,1.913
3/9/18,1.937
3/8/18,1.919
3/7/18,1.926
3/6/18,1.942
3/5/18,1.936
3/2/18,1.924
3/1/18,1.928
2/28/18,1.947
2/27/18,2.015
2/26/18,2.037
2/23/18,2.016
2/22/18,1.991
2/21/18,1.923
2/20/18,1.953
2/16/18,1.922
2/15/18,1.901
2/14/18,1.907
2/13/18,1.858
2/12/18,1.872
2/9/18,1.888
2/8/18,1.926
2/7/18,1.937
2/6/18,2.018
2/5/18,2.052
2/2/18,2.074
2/1/18,2.094
1/31/18,2.074
1/30/18,2.07
1/29/18,2.09
1/26/18,2.12
1/25/18,2.103
1/24/18,2.107
1/23/18,2.092
1/22/18,2.055
1/19/18,2.057
1/18/18,2.027
1/17/18,2.024
1/16/18,2.006
1/12/18,2.039
1/11/18,2.018
1/10/18,2.039
1/9/18,2.029
1/8/18,2.012
1/5/18,2.031
1/4/18,2.057
1/3/18,2.083
1/2/18,2.053
12/29/17,2.061
12/28/17,2.036
12/27/17,2.016
12/26/17,2.03
12/22/17,1.943
12/21/17,1.916
12/20/17,1.914
12/19/17,1.873
12/18/17,1.878
12/15/17,1.865
12/14/17,1.851
12/13/17,1.849
12/12/17,1.902
12/11/17,1.905
12/8/17,1.879
12/7/17,1.845
12/6/17,1.784
12/5/17,1.84
12/4/17,1.822
12/1/17,1.902
11/30/17,1.874
11/29/17,1.902
11/28/17,1.94
11/27/17,1.956
11/24/17,1.961
11/22/17,1.934
11/21/17,1.942
11/20/17,1.941
11/17/17,1.941
11/16/17,1.935
11/15/17,1.964
11/14/17,1.983
11/13/17,2.022
11/10/17,2.043
11/9/17,2.046
11/8/17,2.06
11/7/17,2.074
11/6/17,2.091
11/3/17,2.006
11/2/17,1.959
11/1/17,1.937
10/31/17,1.943
10/30/17,1.95
10/27/17,1.943
10/26/17,1.92
10/25/17,1.889
10/24/17,1.868
10/23/17,1.832
10/20/17,1.85
10/19/17,1.828
10/18/17,1.868
10/17/17,1.873
10/16/17,1.875
10/13/17,1.867
10/12/17,1.837
10/11/17,1.837
10/10/17,1.826
10/9/17,1.788
10/6/17,1.8
10/5/17,1.849
10/4/17,1.844
10/3/17,1.832
10/2/17,1.862
9/29/17,1.921
9/28/17,1.948
9/27/17,1.957
9/26/17,1.962
9/25/17,1.974
9/22/17,1.932
9/21/17,1.917
9/20/17,1.922
9/19/17,1.888
9/18/17,1.938
9/15/17,1.955
9/14/17,1.932
9/13/17,1.925
9/12/17,1.883
9/11/17,1.882
9/8/17,1.91
9/7/17,1.905
9/6/17,1.878
9/5/17,1.878
9/1/17,1.857
8/31/17,1.869
8/30/17,1.772
8/29/17,1.79
8/28/17,1.752
8/25/17,1.732
8/24/17,1.738
8/23/17,1.752
8/22/17,1.641
8/21/17,1.639
8/18/17,1.684
8/17/17,1.642
8/16/17,1.628
8/15/17,1.655
8/14/17,1.654
8/11/17,1.683
8/10/17,1.668
8/9/17,1.689
8/8/17,1.662
8/7/17,1.675
8/4/17,1.681
8/3/17,1.674
8/2/17,1.682
8/1/17,1.683
7/31/17,1.708
7/28/17,1.681
7/27/17,1.658
7/26/17,1.644
7/25/17,1.619
7/24/17,1.556
7/21/17,1.554
7/20/17,1.583
7/19/17,1.592
7/18/17,1.55
7/17/17,1.54
7/14/17,1.559
7/13/17,1.532
7/12/17,1.514
7/11/17,1.518
7/10/17,1.508
7/7/17,1.506
7/6/17,1.547
7/5/17,1.519
6/30/17,1.544
6/29/17,1.5
6/28/17,1.492
6/27/17,1.481
6/26/17,1.448
6/23/17,1.436
6/22/17,1.402
6/21/17,1.393
6/20/17,1.428
6/19/17,1.443
6/16/17,1.459
6/15/17,1.443
6/14/17,1.447
6/13/17,1.471
6/12/17,1.443
6/9/17,1.454
6/8/17,1.443
6/7/17,1.445
6/6/17,1.49
6/5/17,1.478
6/2/17,1.488
6/1/17,1.502
5/31/17,1.533
5/30/17,1.57
5/26/17,1.589
5/25/17,1.584
5/24/17,1.641
5/23/17,1.648
5/22/17,1.65
5/19/17,1.634
5/18/17,1.553
5/17/17,1.543
5/16/17,1.526
5/15/17,1.527
5/12/17,1.521
5/11/17,1.52
5/10/17,1.503
5/9/17,1.477
5/8/17,1.489
5/5/17,1.485
5/4/17,1.449
5/3/17,1.507
5/2/17,1.501
5/1/17,1.538
4/28/17,1.555
4/27/17,1.563
4/26/17,1.575
4/25/17,1.6
4/24/17,1.591
4/21/17,1.611
4/20/17,1.624
4/19/17,1.628
4/18/17,1.668
4/17/17,1.68
4/13/17,1.693
4/12/17,1.693
4/11/17,1.691
4/10/17,1.688
4/7/17,1.678
4/6/17,1.653
4/5/17,1.636
4/4/17,1.645
4/3/17,1.618
3/31/17,1.631
3/30/17,1.628
3/29/17,1.61
3/28/17,1.568
3/27/17,1.557
3/24/17,1.562
3/23/17,1.529
3/22/17,1.516
3/21/17,1.519
3/20/17,1.515
3/17/17,1.509
3/16/17,1.509
3/15/17,1.525
3/14/17,1.508
3/13/17,1.513
3/10/17,1.526
3/9/17,1.572
3/8/17,1.564
3/7/17,1.617
3/6/17,1.654
3/3/17,1.596
3/2/17,1.58
3/1/17,1.643
2/28/17,1.653
2/27/17,1.68
2/24/17,1.676
2/23/17,1.684
2/22/17,1.668
2/21/17,1.664
2/17/17,1.657
2/16/17,1.653
2/15/17,1.655
2/14/17,1.68
2/13/17,1.651
2/10/17,1.705
2/9/17,1.682
2/8/17,1.669
2/7/17,1.658
2/6/17,1.673
2/3/17,1.705
2/2/17,1.658
2/1/17,1.678
1/31/17,1.643
1/30/17,1.636
1/27/17,1.633
1/26/17,1.664
1/25/17,1.623
1/24/17,1.642
1/23/17,1.634
1/20/17,1.648
1/19/17,1.618
1/18/17,1.617
1/17/17,1.642
1/13/17,1.674
1/12/17,1.694
1/11/17,1.691
1/10/17,1.665
1/9/17,1.671
1/6/17,1.727
1/5/17,1.734
1/4/17,1.726
1/3/17,1.728
12/30/16,1.772
12/29/16,1.741
12/28/16,1.737
12/27/16,1.719
12/23/16,1.682
12/22/16,1.66
12/21/16,1.648
12/20/16,1.711
12/19/16,1.667
12/16/16,1.68
12/15/16,1.643
12/14/16,1.566
12/13/16,1.603
12/12/16,1.614
12/9/16,1.584
12/8/16,1.613
12/7/16,1.566
12/6/16,1.624
12/5/16,1.635
12/2/16,1.645
12/1/16,1.631
11/30/16,1.551
11/29/16,1.449
11/28/16,1.494
11/25/16,1.532
11/23/16,1.532
11/22/16,1.542
11/21/16,1.545
11/18/16,1.472
11/17/16,1.508
11/16/16,1.533
11/15/16,1.572
11/14/16,1.514
11/11/16,1.523
11/10/16,1.555
11/9/16,1.571
11/8/16,1.56
11/7/16,1.545
11/4/16,1.534
11/3/16,1.551
11/2/16,1.597
11/1/16,1.645
10/31/16,1.628
10/28/16,1.691
10/27/16,1.686
10/26/16,1.664
10/25/16,1.667
10/24/16,1.603
10/21/16,1.593
10/20/16,1.573
10/19/16,1.596
10/18/16,1.584
10/17/16,1.567
10/14/16,1.58
10/13/16,1.643
10/12/16,1.645
10/11/16,1.674
10/10/16,1.655
10/7/16,1.655
10/6/16,1.68
10/5/16,1.635
10/4/16,1.612
10/3/16,1.61
9/30/16,1.588
9/29/16,1.571
9/28/16,1.524
9/27/16,1.449
9/26/16,1.488
9/23/16,1.449
9/22/16,1.487
9/21/16,1.462
9/20/16,1.413
9/19/16,1.411
9/16/16,1.421
9/15/16,1.421
9/14/16,1.397
9/13/16,1.437
9/12/16,1.457
9/9/16,1.449
9/8/16,1.495
9/7/16,1.442
9/6/16,1.423
9/2/16,1.403
9/1/16,1.419
8/31/16,1.457
8/30/16,1.514
8/29/16,1.498
8/26/16,1.508
8/25/16,1.523
8/24/16,1.517
8/23/16,1.512
8/22/16,1.487
8/19/16,1.512
8/18/16,1.504
8/17/16,1.461
8/16/16,1.423
8/15/16,1.406
8/12/16,1.368
8/11/16,1.342
8/10/16,1.282
8/9/16,1.295
8/8/16,1.303
8/5/16,1.286
8/4/16,1.285
8/3/16,1.261
8/2/16,1.226
8/1/16,1.238
7/29/16,1.279
7/28/16,1.282
7/27/16,1.303
7/26/16,1.34
7/25/16,1.334
7/22/16,1.371
7/21/16,1.381
7/20/16,1.397
7/19/16,1.375
7/18/16,1.37
7/15/16,1.388
7/14/16,1.368
7/13/16,1.418
7/12/16,1.418
7/11/16,1.398
7/8/16,1.43
7/7/16,1.429
7/6/16,1.496
7/5/16,1.501
7/1/16,1.566
6/30/16,1.539
6/29/16,1.586
6/28/16,1.536
6/27/16,1.503
6/24/16,1.526
6/23/16,1.583
6/22/16,1.539
6/21/16,1.555
6/20/16,1.56
6/17/16,1.526
6/16/16,1.429
6/15/16,1.474
6/14/16,1.504
6/13/16,1.516
6/10/16,1.524
6/9/16,1.611
6/8/16,1.641
6/7/16,1.611
6/6/16,1.59
6/3/16,1.55
6/2/16,1.563
6/1/16,1.558
5/31/16,1.579
5/27/16,1.556
5/26/16,1.567
5/25/16,1.568
5/24/16,1.547
5/23/16,1.528
5/20/16,1.541
5/19/16,1.49
5/18/16,1.482
5/17/16,1.477
5/16/16,1.441
5/13/16,1.4
5/12/16,1.393
5/11/16,1.4
5/10/16,1.323
5/9/16,1.263
5/6/16,1.376
5/5/16,1.373
5/4/16,1.392
5/3/16,1.398
5/2/16,1.423
4/29/16,1.447
4/28/16,1.478
4/27/16,1.46
4/26/16,1.433
4/25/16,1.416
4/22/16,1.317
4/21/16,1.315
4/20/16,1.332
4/19/16,1.269
4/18/16,1.299
4/15/16,1.287
4/14/16,1.298
4/13/16,1.306
4/12/16,1.335
4/11/16,1.27
4/8/16,1.231
4/7/16,1.168
4/6/16,1.177
4/5/16,1.101
4/4/16,1.117
4/1/16,1.165
3/31/16,1.211
3/30/16,1.195
3/29/16,1.193
3/28/16,1.213
3/24/16,1.2
3/23/16,1.195
3/22/16,1.225
3/21/16,1.218
3/18/16,1.228
3/17/16,1.236
3/16/16,1.215
3/15/16,1.179
3/14/16,1.191
3/11/16,1.219
3/10/16,1.2
3/9/16,1.209
3/8/16,1.187
3/7/16,1.211
3/4/16,1.155
3/3/16,1.117
3/2/16,1.091
3/1/16,1.081
2/29/16,1.056
2/26/16,1.035
2/25/16,1.043
2/24/16,1.056
2/23/16,0.992
2/22/16,1.019
2/19/16,0.997
2/18/16,1.049
2/17/16,1.055
2/16/16,1.012
2/12/16,1.04
2/11/16,0.992
2/10/16,0.972
2/9/16,0.991
2/8/16,1.05
2/5/16,1.062
2/4/16,1.079
2/3/16,1.089
2/2/16,1.013
2/1/16,1.044
1/29/16,1.088
1/28/16,1.075
1/27/16,1.057
1/26/16,1.003
1/25/16,0.95
1/22/16,1.035
1/21/16,0.931
1/20/16,0.902
1/19/16,0.943
1/15/16,0.983
1/14/16,1.022
1/13/16,1.012
1/12/16,1.032
1/11/16,1.03
1/8/16,1.071
1/7/16,1.094
1/6/16,1.117
1/5/16,1.137
1/4/16,1.149
12/31/15,1.146
12/30/15,1.139
12/29/15,1.202
12/28/15,1.133
12/24/15,1.161
12/23/15,1.154
12/22/15,1.116
12/21/15,1.121
12/18/15,1.138
12/17/15,1.122
12/16/15,1.137
12/15/15,1.173
12/14/15,1.151
12/11/15,1.175
12/10/15,1.256
12/9/15,1.286
12/8/15,1.309
12/7/15,1.325
12/4/15,1.396
12/3/15,1.408
12/2/15,1.338
12/1/15,1.344
11/30/15,1.332
11/27/15,1.353
11/25/15,1.398
11/24/15,1.39
11/23/15,1.329
11/20/15,1.366
11/19/15,1.368
11/18/15,1.402
11/17/15,1.432
11/16/15,1.46
11/13/15,1.452
11/12/15,1.443
11/11/15,1.492
11/10/15,1.487
11/9/15,1.489
11/6/15,1.517
11/5/15,1.497
11/4/15,1.517
11/3/15,1.565
11/2/15,1.507
10/30/15,1.516
10/29/15,1.509
10/28/15,1.557
10/27/15,1.507
10/26/15,1.516
10/23/15,1.567
10/22/15,1.587
10/21/15,1.565
10/20/15,1.548
10/19/15,1.52
10/16/15,1.568
10/15/15,1.568
10/14/15,1.551
10/13/15,1.547
10/12/15,1.552
10/9/15,1.62
10/8/15,1.641
10/7/15,1.576
10/6/15,1.603
10/5/15,1.537
10/2/15,1.507
10/1/15,1.513
9/30/15,1.524
9/29/15,1.508
9/28/15,1.484
9/25/15,1.515
9/24/15,1.515
9/23/15,1.489
9/22/15,1.505
9/21/15,1.453
9/18/15,1.427
9/17/15,1.447
9/16/15,1.462
9/15/15,1.435
9/14/15,1.437
9/11/15,1.478
9/10/15,1.512
9/9/15,1.488
9/8/15,1.536
9/4/15,1.56
9/3/15,1.585
9/2/15,1.578
9/1/15,1.54
8/31/15,1.635
8/28/15,1.558
8/27/15,1.49
8/26/15,1.379
8/25/15,1.373
8/24/15,1.382
8/21/15,1.447
8/20/15,1.472
8/19/15,1.495
8/18/15,1.53
8/17/15,1.556
8/14/15,1.535
8/13/15,1.542
8/12/15,1.586
8/11/15,1.573
8/10/15,1.591
8/7/15,1.562
8/6/15,1.558
8/5/15,1.542
8/4/15,1.556
8/3/15,1.545
7/31/15,1.595
7/30/15,1.645
7/29/15,1.645
7/28/15,1.643
7/27/15,1.627
7/24/15,1.675
7/23/15,1.688
7/22/15,1.695
7/21/15,1.676
7/20/15,1.604
7/17/15,1.637
7/16/15,1.675
7/15/15,1.7
7/14/15,1.76
7/13/15,1.756
7/10/15,1.77
7/9/15,1.767
7/8/15,1.744
7/7/15,1.769
7/6/15,1.766
7/2/15,1.88
7/1/15,1.88
6/30/15,1.919
6/29/15,1.847
6/26/15,1.868
6/25/15,1.906
6/24/15,1.904
6/23/15,1.939
6/22/15,1.869
6/19/15,1.878
6/18/15,1.915
6/17/15,1.87
6/16/15,1.849
6/15/15,1.834
6/12/15,1.853
6/11/15,1.912
6/10/15,1.926
6/9/15,1.932
6/8/15,1.877
6/5/15,1.871
6/4/15,1.856
6/3/15,1.904
6/2/15,1.995
6/1/15,1.982
5/29/15,2.004
5/28/15,1.989
5/27/15,1.98
5/26/15,2.014
5/22/15,2.066
5/21/15,2.095
5/20/15,2.045
5/19/15,2.014
5/18/15,2.096
5/15/15,2.086
5/14/15,2.083
5/13/15,2.076
5/12/15,2.071
5/11/15,2.01
5/8/15,2.022
5/7/15,2.018
5/6/15,2.066
5/5/15,2.032
5/4/15,2.012
5/1/15,2.015
4/30/15,2.009
4/29/15,1.951
4/28/15,1.927
4/27/15,1.932
4/24/15,1.944
4/23/15,1.929
4/22/15,1.879
4/21/15,1.817
4/20/15,1.838
4/17/15,1.83
4/16/15,1.882
4/15/15,1.795
4/14/15,1.726
4/13/15,1.71
4/10/15,1.717
4/9/15,1.693
4/8/15,1.673
4/7/15,1.749
4/6/15,1.707
4/2/15,1.636
4/1/15,1.703
3/31/15,1.637
3/30/15,1.657
3/27/15,1.626
3/26/15,1.689
3/25/15,1.651
3/24/15,1.635
3/23/15,1.678
3/20/15,1.681
3/19/15,1.658
3/18/15,1.722
3/17/15,1.616
3/16/15,1.589
3/13/15,1.666
3/12/15,1.671
3/11/15,1.755
3/10/15,1.747
3/9/15,1.774
3/6/15,1.823
3/5/15,1.899
3/4/15,1.861
3/3/15,1.974
3/2/15,1.931
2/27/15,1.995
2/26/15,1.922
2/25/15,1.988
2/24/15,1.893
2/23/15,2.364
2/20/15,2.286
2/19/15,2.159
2/18/15,1.98
2/17/15,2.063
2/13/15,2.065
2/12/15,1.915
2/11/15,1.835
2/10/15,1.86
2/9/15,1.869
2/6/15,1.834
2/5/15,1.86
2/4/15,1.728
2/3/15,1.784
2/2/15,1.674
1/30/15,1.599
1/29/15,1.516
1/28/15,1.518
1/27/15,1.537
1/26/15,1.537
1/23/15,1.53
1/22/15,1.524
1/21/15,1.537
1/20/15,1.54
1/16/15,1.527
1/15/15,1.489
1/14/15,1.518
1/13/15,1.514
1/12/15,1.51
1/9/15,1.583
1/8/15,1.601
1/7/15,1.621
1/6/15,1.622
1/5/15,1.648
1/2/15,1.704
12/31/14,1.776
12/30/14,1.759
12/29/14,1.762
12/26/14,1.825
12/24/14,1.824
12/23/14,1.873
12/22/14,1.817
12/19/14,1.899
12/18/14,1.737
12/17/14,1.729
12/16/14,1.795
12/15/14,1.812
12/12/14,1.867
12/11/14,1.932
12/10/14,1.93
12/9/14,1.971
12/8/14,1.952
12/5/14,2.029
12/4/14,2.039
12/3/14,2.088
12/2/14,2.122
12/1/14,2.187
11/28/14,2.126
11/26/14,2.296
11/25/14,2.358
11/24/14,2.348
11/21/14,2.349
11/20/14,2.332
11/19/14,2.349
11/18/14,2.37
11/17/14,2.403
11/14/14,2.452
11/13/14,2.407
11/12/14,2.474
11/11/14,2.472
11/10/14,2.478
11/7/14,2.501
11/6/14,2.476
11/5/14,2.478
11/4/14,2.508
11/3/14,2.569
10/31/14,2.594
10/30/14,2.504
10/29/14,2.58
10/28/14,2.533
10/27/14,2.508
10/24/14,2.55
10/23/14,2.529
10/22/14,2.481
10/21/14,2.547
10/20/14,2.495
10/17/14,2.557
10/16/14,2.52
10/15/14,2.507
10/14/14,2.51
10/13/14,2.568
10/10/14,2.589
10/9/14,2.549
10/8/14,2.64
10/7/14,2.679
10/6/14,2.703
10/3/14,2.695
10/2/14,2.705
10/1/14,2.721
9/30/14,2.692
9/29/14,2.74
9/26/14,2.739
9/25/14,2.736
9/24/14,2.731
9/23/14,2.703
9/22/14,2.699
9/19/14,2.719
9/18/14,2.72
9/17/14,2.746
9/16/14,2.784
9/15/14,2.764
9/12/14,2.766
9/11/14,2.782
9/10/14,2.826
9/9/14,2.878
9/8/14,2.897
9/5/14,2.927
9/4/14,2.945
9/3/14,2.982
9/2/14,2.946
8/29/14,3.005
8/28/14,2.976
8/27/14,2.991
8/26/14,2.964
8/25/14,2.959
8/22/14,2.953
8/21/14,2.933
8/20/14,2.91
8/19/14,2.914
8/18/14,2.905
8/15/14,2.916
8/14/14,2.915
8/13/14,2.983
8/12/14,2.93
8/11/14,2.963
8/8/14,2.953
8/7/14,2.978
8/6/14,2.947
8/5/14,2.929
8/4/14,2.953
8/1/14,2.946
7/31/14,2.951
7/30/14,2.936
7/29/14,2.954
7/28/14,2.933
7/25/14,2.956
7/24/14,2.916
7/23/14,2.925
7/22/14,2.889
7/21/14,2.896
7/18/14,2.895
7/17/14,2.9
7/16/14,2.883
7/15/14,2.889
7/14/14,2.919
7/11/14,2.91
7/10/14,2.932
7/9/14,2.909
7/8/14,2.912
7/7/14,2.962
7/3/14,2.987
7/2/14,3.035
7/1/14,3.073
6/30/14,3.031
6/27/14,3.051
6/26/14,3.07
6/25/14,3.094
6/24/14,3.102
6/23/14,3.099
6/20/14,3.088
6/19/14,3.084
6/18/14,3.079
6/17/14,3.051
6/16/14,3.072
6/13/14,3.06
6/12/14,3.025
6/11/14,2.908
6/10/14,2.913
6/9/14,2.913
6/6/14,2.902
6/5/14,2.907
6/4/14,2.879
6/3/14,2.893
6/2/14,2.915
5/30/14,2.927
5/29/14,2.969
5/28/14,2.998
5/27/14,3.01
5/23/14,3.023
5/22/14,3.008
5/21/14,3.006
5/20/14,2.996
5/19/14,2.996
5/16/14,3.009
5/15/14,2.996
5/14/14,3.059
5/13/14,3.043
5/12/14,3.033
5/9/14,3.045
5/8/14,3.064
5/7/14,3.073
5/6/14,2.994
5/5/14,2.998
5/2/14,3.017
5/1/14,3.069
4/30/14,3.045
4/29/14,3.078
4/28/14,3.033
4/25/14,3.054
4/24/14,3.083
4/23/14,3.041
4/22/14,3.033
4/21/14,3.038
4/17/14,3.039
4/16/14,3.039
4/15/14,3.014
4/14/14,3.002
4/11/14,2.955
4/10/14,2.963
4/9/14,2.975
4/8/14,2.964
4/7/14,2.939
4/4/14,2.95
4/3/14,2.947
4/2/14,2.879
4/1/14,2.884
3/31/14,2.913
3/28/14,2.932
3/27/14,2.927
3/26/14,2.901
3/25/14,2.907
3/24/14,2.882
3/21/14,2.887
3/20/14,2.884
3/19/14,2.847
3/18/14,2.844
3/17/14,2.828
3/14/14,2.867
3/13/14,2.851
3/12/14,2.855
3/11/14,2.872
3/10/14,2.889
3/7/14,2.929
3/6/14,2.919
3/5/14,2.928
3/4/14,2.993
3/3/14,3.032
2/28/14,2.976
2/27/14,2.969
2/26/14,3.095
2/25/14,3.07
2/24/14,3.071
2/21/14,3.077
2/20/14,3.164
2/19/14,3.147
2/18/14,3.099
2/14/14,3.067
2/13/14,3.007
2/12/14,2.975
2/11/14,2.993
2/10/14,2.946
2/7/14,2.997
2/6/14,2.934
2/5/14,2.924
2/4/14,2.926
2/3/14,2.98
1/31/14,2.972
1/30/14,2.99
1/29/14,2.973
1/28/14,2.937
1/27/14,2.921
1/24/14,2.97
1/23/14,2.943
1/22/14,2.976
1/21/14,2.989
1/17/14,2.934
1/16/14,2.904
1/15/14,2.913
1/14/14,2.871
1/13/14,2.852
1/10/14,2.872
1/9/14,2.851
1/8/14,2.912
1/7/14,2.92
1/6/14,2.909
1/3/14,2.91
1/2/14,2.958
12/31/13,3.037
12/30/13,3.033
12/27/13,3.071
12/26/13,3.054
12/24/13,3.043
12/23/13,3.031
12/20/13,3.043
12/19/13,2.997
12/18/13,2.945
12/17/13,2.914
12/16/13,2.944
12/13/13,2.933
12/12/13,2.923
12/11/13,2.965
12/10/13,2.967
12/9/13,2.953
12/6/13,3.016
12/5/13,3.007
12/4/13,3.035
12/3/13,3.068
12/2/13,3.056
11/29/13,3.036
11/27/13,3.065
11/26/13,3.012
11/25/13,2.992
11/22/13,2.996
11/21/13,2.965
11/20/13,2.907
11/19/13,2.862
11/18/13,2.871
11/15/13,2.894
11/14/13,2.88
11/13/13,2.874
11/12/13,2.841
11/11/13,2.877
11/8/13,2.854
11/7/13,2.827
11/6/13,2.85
11/5/13,2.85
11/4/13,2.866
11/1/13,2.883
10/31/13,2.952
10/30/13,2.947
10/29/13,2.934
10/28/13,2.946
10/25/13,2.9
10/24/13,2.87
10/23/13,2.887
10/22/13,2.943
10/21/13,2.95
10/18/13,2.961
10/17/13,2.944
10/16/13,2.997
10/15/13,2.995
10/14/13,3.026
10/11/13,3.031
10/10/13,3.069
10/9/13,3.018
10/8/13,3.034
10/7/13,3.003
10/4/13,3.005
10/3/13,3.002
10/2/13,3.001
10/1/13,2.953
9/30/13,2.972
9/27/13,2.986
9/26/13,2.999
9/25/13,2.963
9/24/13,2.972
9/23/13,2.959
9/20/13,3.007
9/19/13,3.004
9/18/13,3.036
9/17/13,2.985
9/16/13,3.073
9/13/13,3.141
9/12/13,3.162
9/11/13,3.109
9/10/13,3.093
9/9/13,3.124
9/6/13,3.17
9/5/13,3.158
9/4/13,3.159
9/3/13,3.169
8/30/13,3.142
8/29/13,3.18
8/28/13,3.193
8/27/13,3.165
8/26/13,3.116
8/23/13,3.127
8/22/13,3.097
8/21/13,3.111
8/20/13,3.115
8/19/13,3.104
8/16/13,3.126
8/15/13,3.107
8/14/13,3.085
8/13/13,3.079
8/12/13,3.065
8/9/13,3.027
8/8/13,2.99
8/7/13,3.021
8/6/13,3.067
8/5/13,3.096
8/2/13,3.117
8/1/13,3.138
7/31/13,3.1
7/30/13,3.022
7/29/13,3.036
7/26/13,3.039
7/25/13,3.021
7/24/13,3.029
7/23/13,3.061
7/22/13,3.084
7/19/13,3.113
7/18/13,3.12
7/17/13,3.113
7/16/13,3.092
7/15/13,3.075
7/12/13,3.064
7/11/13,3.03
7/10/13,3.052
7/9/13,3.04
7/8/13,3.025
7/5/13,3.034
7/3/13,2.978
7/2/13,2.937
7/1/13,2.884
6/28/13,2.862
6/27/13,2.883
6/26/13,2.871
6/25/13,2.881
6/24/13,2.887
6/21/13,2.884
6/20/13,2.91
6/19/13,2.982
6/18/13,2.991
6/17/13,2.969
6/14/13,2.999
6/13/13,2.971
6/12/13,2.919
6/11/13,2.879
6/10/13,2.936
6/7/13,2.931
6/6/13,2.902
6/5/13,2.879
6/4/13,2.886
6/3/13,2.857
5/31/13,2.772
5/30/13,2.829
5/29/13,2.837
5/28/13,2.878
5/24/13,2.805
5/23/13,2.815
5/22/13,2.827
5/21/13,2.875
5/20/13,2.895
5/17/13,2.881
5/16/13,2.86
5/15/13,2.834
5/14/13,2.83
5/13/13,2.873
5/10/13,2.885
5/9/13,2.896
5/8/13,2.889
5/7/13,2.874
5/6/13,2.875
5/3/13,2.836
5/2/13,2.808
5/1/13,2.734
4/30/13,2.783
4/29/13,2.848
4/26/13,2.85
4/25/13,2.834
4/24/13,2.844
4/23/13,2.808
4/22/13,2.808
4/19/13,2.809
4/18/13,2.797
4/17/13,2.746
4/16/13,2.817
4/15/13,2.836
4/12/13,2.914
4/11/13,2.939
4/10/13,2.991
4/9/13,3.011
4/8/13,2.997
4/5/13,2.972
4/4/13,3.013
4/3/13,3.05
4/2/13,3.164
4/1/13,3.137
3/28/13,3.092
3/27/13,3.059
3/26/13,3.024
3/25/13,2.985
3/22/13,2.963
3/21/13,2.955
3/20/13,2.95
3/19/13,2.919
3/18/13,2.982
3/15/13,3.008
3/14/13,2.945
3/13/13,2.93
3/12/13,3.051
3/11/13,3.068
3/8/13,3.084
3/7/13,3.083
3/6/13,3.064
3/5/13,3.071
3/4/13,3.065
3/1/13,3.092
2/28/13,3.104
2/27/13,3.139
2/26/13,3.165
2/25/13,3.215
2/22/13,3.253
2/21/13,3.249
2/20/13,3.25
2/19/13,3.293
2/15/13,3.321
2/14/13,3.327
2/13/13,3.303
2/12/13,3.316
2/11/13,3.314
2/8/13,3.321
2/7/13,3.284
2/6/13,3.263
2/5/13,3.273
2/4/13,3.25
2/1/13,3.285
1/31/13,3.24
1/30/13,3.224
1/29/13,3.168
1/28/13,3.123
1/25/13,3.128
1/24/13,3.137
1/23/13,3.143
1/22/13,3.133
1/18/13,3.112
1/17/13,3.072
1/16/13,3.069
1/15/13,3.08
1/14/13,3.126
1/11/13,3.076
1/10/13,3.122
1/9/13,3.126
1/8/13,3.113
1/7/13,3.058
1/4/13,3.043
1/3/13,3.039
1/2/13,3.071
12/31/12,3.067
12/28/12,3.059
12/27/12,3.064
12/26/12,3.05
12/24/12,3.025
12/21/12,3.045
12/20/12,3.027
12/19/12,2.993
12/18/12,2.966
12/17/12,2.916
12/14/12,2.936
12/13/12,2.906
12/12/12,2.918
12/11/12,2.872
12/10/12,2.844
12/7/12,2.851
12/6/12,2.906
12/5/12,2.963
12/4/12,2.98
12/3/12,3.033
11/30/12,3.07
11/29/12,3.067
11/28/12,3.022
11/27/12,3.061
11/26/12,3.088
11/23/12,3.115
11/21/12,3.129
11/20/12,3.1
11/19/12,3.082
11/16/12,3.014
11/15/12,3.009
11/14/12,3.065
11/13/12,2.987
11/12/12,3.118
11/9/12,3.132
11/8/12,3.076
11/7/12,3.055
11/6/12,3.142
11/5/12,3.048
11/2/12,3.033
11/1/12,3.08
10/31/12,3.116
10/30/12,3.125
10/29/12,3.142
10/26/12,3.111
10/25/12,3.078
10/24/12,3.1
10/23/12,3.104
10/22/12,3.108
10/19/12,3.161
10/18/12,3.237
10/17/12,3.267
10/16/12,3.274
10/15/12,3.297
10/12/12,3.333
10/11/12,3.37
10/10/12,3.356
10/9/12,3.341
10/8/12,3.312
10/5/12,3.308
10/4/12,3.339
10/3/12,3.202
10/2/12,3.268
10/1/12,3.256
9/28/12,3.226
9/27/12,3.238
9/26/12,3.194
9/25/12,3.21
9/24/12,3.204
9/21/12,3.212
9/20/12,3.195
9/19/12,3.138
9/18/12,3.214
9/17/12,3.24
9/14/12,3.396
9/13/12,3.36
9/12/12,3.408
9/11/12,3.387
9/10/12,3.402
9/7/12,3.412
9/6/12,3.393
9/5/12,3.42
9/4/12,3.442
8/31/12,3.504
8/30/12,3.448
8/29/12,3.389
8/28/12,3.363
8/27/12,3.31
8/24/12,3.32
8/23/12,3.334
8/22/12,3.331
8/21/12,3.288
8/20/12,3.27
8/17/12,3.286
8/16/12,3.293
8/15/12,3.285
8/14/12,3.211
8/13/12,3.159
8/10/12,3.177
8/9/12,3.174
8/8/12,3.123
8/7/12,3.104
8/6/12,3.001
8/3/12,2.988
8/2/12,2.899
8/1/12,2.915
7/31/12,2.884
7/30/12,2.92
7/27/12,2.941
7/26/12,2.914
7/25/12,2.894
7/24/12,2.875
7/23/12,2.867
7/20/12,2.951
7/19/12,2.976
7/18/12,2.916
7/17/12,2.885
7/16/12,2.881
7/13/12,2.837
7/12/12,2.806
7/11/12,2.806
7/10/12,2.763
7/9/12,2.773
7/6/12,2.744
7/5/12,2.795
7/3/12,2.802
7/2/12,2.714
6/29/12,2.768
6/28/12,2.59
6/27/12,2.636
6/26/12,2.608
6/25/12,2.568
6/22/12,2.585
6/21/12,2.558
6/20/12,2.616
6/19/12,2.679
6/18/12,2.651
6/15/12,2.688
6/13/12,2.652
6/12/12,2.666
6/11/12,2.646
6/8/12,2.717
6/7/12,2.685
6/6/12,2.707
6/5/12,2.672
6/4/12,2.678
6/1/12,2.695
5/31/12,2.752
5/30/12,2.795
5/29/12,2.883
5/25/12,2.9
5/24/12,2.881
5/23/12,2.868
5/22/12,2.895
5/21/12,2.928
5/18/12,2.897
5/17/12,2.905
5/16/12,2.962
5/15/12,3.023
5/14/12,3.016
5/11/12,3.056
5/10/12,3.071
5/9/12,3.095
5/8/12,3.097
5/7/12,3.17
5/4/12,3.195
5/3/12,3.208
5/2/12,3.262
5/1/12,3.294
4/30/12,3.267
4/27/12,3.271
4/26/12,3.286
4/25/12,3.253
4/24/12,3.2
4/23/12,3.209
4/20/12,3.208
4/19/12,3.187
4/18/12,3.181
4/17/12,3.198
4/16/12,3.204
4/13/12,3.253
4/12/12,3.245
4/11/12,3.217
4/10/12,3.203
4/9/12,3.229
4/5/12,3.308
4/4/12,3.329
4/3/12,3.392
4/2/12,3.41
3/30/12,3.337
3/29/12,3.323
3/28/12,3.35
3/27/12,3.368
3/26/12,3.34
3/23/12,3.348
3/22/12,3.323
3/21/12,3.355
3/20/12,3.378
3/19/12,3.358
3/16/12,3.394
3/15/12,3.351
3/14/12,3.419
3/13/12,3.458
3/12/12,3.438
3/9/12,3.454
3/8/12,3.463
3/7/12,3.431
3/6/12,3.391
3/5/12,3.4
3/2/12,3.37
3/1/12,3.403
2/29/12,3.322
2/28/12,3.349
2/27/12,3.39
2/24/12,3.412
2/23/12,3.395
2/22/12,3.361
2/21/12,3.277
2/17/12,3.237
2/16/12,3.255
2/15/12,3.219
2/14/12,3.18
2/13/12,3.165
2/10/12,3.192
2/9/12,3.221
2/8/12,3.202
2/7/12,3.2
2/6/12,3.202
2/3/12,3.128
2/2/12,3.07
2/1/12,3.059
1/31/12,3.069
1/30/12,3.073
1/27/12,3.097
1/26/12,3.077
1/25/12,3.085
1/24/12,3.037
1/23/12,3.038
1/20/12,3.026
1/19/12,3.088
1/18/12,3.063
1/17/12,3.077
1/13/12,3.091
1/12/12,3.096
1/11/12,3.101
1/10/12,3.163
1/9/12,3.124
1/6/12,3.137
1/5/12,3.09
1/4/12,3.142
1/3/12,3.08
12/30/11,2.957
12/29/11,2.96
12/28/11,2.957
12/27/11,2.957
12/23/11,2.955
12/22/11,2.92
12/21/11,2.912
12/20/11,2.867
12/19/11,2.784
12/16/11,2.813
12/15/11,2.79
12/14/11,2.81
12/13/11,2.905
12/12/11,2.862
12/9/11,2.883
12/8/11,2.895
12/7/11,2.958
12/6/11,2.996
12/5/11,2.96
12/2/11,2.986
12/1/11,2.979
11/30/11,3.034
11/29/11,3.037
11/28/11,3.006
11/25/11,2.985
11/23/11,2.986
11/22/11,3.075
11/21/11,3.026
11/18/11,3.072
11/17/11,3.065
11/16/11,3.128
11/15/11,3.191
11/14/11,3.233
11/11/11,3.253
11/10/11,3.256
11/9/11,3.32
11/8/11,3.359
11/7/11,3.502
11/4/11,3.455
11/3/11,3.419
11/2/11,3.324
11/1/11,3.306
10/31/11,3.23
10/28/11,3.229
10/27/11,3.261
10/26/11,3.113
10/25/11,3.132
10/24/11,3.154
10/21/11,3.128
10/20/11,3.116
10/19/11,3.114
10/18/11,3.175
10/17/11,3.146
10/14/11,3.205
10/13/11,3.047
10/12/11,3.077
10/11/11,3.054
10/10/11,3.048
10/7/11,2.983
10/6/11,2.978
10/5/11,2.887
10/4/11,2.908
10/3/11,2.88
9/30/11,2.909
9/29/11,2.951
9/28/11,2.934
9/27/11,2.981
9/26/11,2.925
9/23/11,2.902
9/22/11,2.922
9/21/11,2.977
9/20/11,3.034
9/19/11,3.026
9/16/11,3.072
9/15/11,3.089
9/14/11,3.012
9/13/11,2.997
9/12/11,3.013
9/9/11,3.047
9/8/11,3.093
9/7/11,3.12
9/6/11,3.073
9/2/11,3.058
9/1/11,3.103
8/31/11,3.113
8/30/11,3.109
8/29/11,3.062
8/26/11,3.029
8/25/11,3.008
8/24/11,2.986
8/23/11,2.978
8/22/11,2.931
8/19/11,2.945
8/18/11,2.867
8/17/11,2.965
8/16/11,2.944
8/15/11,2.949
8/12/11,2.916
8/11/11,2.904
8/10/11,2.86
8/9/11,2.821
8/8/11,2.825
8/5/11,2.945
8/4/11,2.919
8/3/11,3.045
8/2/11,3.102
8/1/11,3.1
7/29/11,3.111
7/28/11,3.121
7/27/11,3.068
7/26/11,3.121
7/25/11,3.133
7/22/11,3.16
7/21/11,3.153
7/20/11,3.153
7/19/11,3.124
7/18/11,3.094
7/15/11,3.144
7/14/11,3.135
7/13/11,3.132
7/12/11,3.127
7/11/11,3.145
7/8/11,3.154
7/7/11,3.167
7/6/11,3.053
7/5/11,3.029
7/1/11,2.996
6/30/11,3.018
6/29/11,3.025
6/28/11,2.926
6/27/11,2.874
6/24/11,2.873
6/23/11,2.917
6/22/11,3.035
6/21/11,2.965
6/20/11,2.989
6/17/11,3.047
6/16/11,3.065
6/15/11,3.078
6/14/11,3.203
6/13/11,3.177
6/10/11,3.165
6/9/11,3.201
6/8/11,3.186
6/7/11,3.197
6/6/11,3.142
6/3/11,3.197
6/2/11,3.197
6/1/11,3.156
5/31/11,3.191
5/27/11,3.145
5/26/11,3.137
5/25/11,3.147
5/24/11,3.086
5/23/11,3.022
5/20/11,3.09
5/19/11,3.051
5/18/11,3.053
5/17/11,3.025
5/16/11,3.027
5/13/11,3.119
5/12/11,3.087
5/11/11,3.104
5/10/11,3.186
5/9/11,3.156
5/6/11,3.045
5/5/11,3.073
5/4/11,3.312
5/3/11,3.348
5/2/11,3.398
4/29/11,3.431
4/28/11,3.401
4/27/11,3.405
4/26/11,3.386
4/25/11,3.362
4/21/11,3.365
4/20/11,3.362
4/19/11,3.307
4/18/11,3.344
4/15/11,3.384
4/14/11,3.363
4/13/11,3.368
4/12/11,3.358
4/11/11,3.427
4/8/11,3.52
4/7/11,3.396
4/6/11,3.393
4/5/11,3.397
4/4/11,3.398
4/1/11,3.372
3/31/11,3.323
3/30/11,3.276
3/29/11,3.307
3/28/11,3.283
3/25/11,3.323
3/24/11,3.331
3/23/11,3.287
3/22/11,3.309
3/21/11,3.243
3/18/11,3.232
3/17/11,3.249
3/16/11,3.184
3/15/11,3.163
3/14/11,3.269
3/11/11,3.169
3/10/11,3.183
3/9/11,3.197
3/8/11,3.142
3/7/11,3.179
3/4/11,3.218
3/3/11,3.167
3/2/11,3.177
3/1/11,3.159
2/28/11,3.048
2/25/11,3.069
2/24/11,3.008
2/23/11,3.052
2/22/11,2.92
2/18/11,2.816
2/17/11,2.816
2/16/11,2.87
2/15/11,2.824
2/14/11,2.83
2/11/11,2.784
2/10/11,2.81
2/9/11,2.818
2/8/11,2.76
2/7/11,2.737
2/4/11,2.725
2/3/11,2.77
2/2/11,2.789
2/1/11,2.764
1/31/11,2.738
1/28/11,2.68
1/27/11,2.648
1/26/11,2.668
1/25/11,2.617
1/24/11,2.64
1/21/11,2.684
1/20/11,2.641
1/19/11,2.636
1/18/11,2.628
1/14/11,2.645
1/13/11,2.634
1/12/11,2.643
1/11/11,2.64
1/10/11,2.56
1/7/11,2.494
1/6/11,2.499
1/5/11,2.544
1/4/11,2.505
1/3/11,2.553
12/31/10,2.553
12/30/10,2.493
12/29/10,2.536
12/28/10,2.54
12/27/10,2.536
12/23/10,2.569
12/22/10,2.55
12/21/10,2.529
12/20/10,2.512
12/17/10,2.504
12/16/10,2.502
12/15/10,2.505
12/14/10,2.488
12/13/10,2.473
12/10/10,2.442
12/9/10,2.482
12/8/10,2.478
12/7/10,2.473
12/6/10,2.484
12/3/10,2.511
12/2/10,2.47
12/1/10,2.435
11/30/10,2.341
11/29/10,2.399
11/26/10,2.361
11/24/10,2.372
11/23/10,2.275
11/22/10,2.288
11/19/10,2.299
11/18/10,2.328
11/17/10,2.312
11/16/10,2.381
11/15/10,2.443
11/12/10,2.435
11/11/10,2.497
11/10/10,2.502
11/9/10,2.463
11/8/10,2.447
11/5/10,2.443
11/4/10,2.416
11/3/10,2.384
11/2/10,2.365
11/1/10,2.336
10/29/10,2.313
10/28/10,2.326
10/27/10,2.335
10/26/10,2.34
10/25/10,2.33
10/22/10,2.334
10/21/10,2.288
10/20/10,2.33
10/19/10,2.269
10/18/10,2.345
10/15/10,2.322
10/14/10,2.356
10/13/10,2.377
10/12/10,2.341
10/11/10,2.354
10/8/10,2.374
10/7/10,2.322
10/6/10,2.373
10/5/10,2.36
10/4/10,2.351
10/1/10,2.362
9/30/10,2.319
9/29/10,2.269
9/28/10,2.201
9/27/10,2.201
9/24/10,2.22
9/23/10,2.166
9/22/10,2.147
9/21/10,2.165
9/20/10,2.2
9/17/10,2.185
9/16/10,2.174
9/15/10,2.214
9/14/10,2.211
9/13/10,2.212
9/10/10,2.197
9/9/10,2.146
9/8/10,2.166
9/7/10,2.149
9/3/10,2.142
9/2/10,2.131
9/1/10,2.12
8/31/10,2.085
8/30/10,2.12
8/27/10,2.186
8/26/10,2.129
8/25/10,2.134
8/24/10,2.036
8/23/10,2.056
8/20/10,2.082
8/19/10,2.102
8/18/10,2.142
8/17/10,2.142
8/16/10,2.098
8/13/10,2.131
8/12/10,2.122
8/11/10,2.183
8/10/10,2.246
8/9/10,2.236
8/6/10,2.244
8/5/10,2.272
8/4/10,2.281
8/3/10,2.278
8/2/10,2.242
7/30/10,2.173
7/29/10,2.147
7/28/10,2.104
7/27/10,2.099
7/26/10,2.143
7/23/10,2.158
7/22/10,2.152
7/21/10,2.086
7/20/10,2.129
7/19/10,2.096
7/16/10,2.095
7/15/10,2.11
7/14/10,2.117
7/13/10,2.139
7/12/10,2.081
7/9/10,2.129
7/8/10,2.109
7/7/10,2.083
7/6/10,2.013
7/2/10,2.005
7/1/10,2.025
6/30/10,2.123
6/29/10,2.139
6/28/10,2.213
6/25/10,2.23
6/24/10,2.168
6/23/10,2.158
6/22/10,2.209
6/21/10,2.224
6/18/10,2.222
6/17/10,2.22
6/16/10,2.182
6/15/10,2.138
6/14/10,2.079
6/11/10,2.094
6/10/10,2.12
6/9/10,2.09
6/8/10,2.046
6/7/10,2.046
6/4/10,2.052
6/3/10,2.13
6/2/10,2.108
6/1/10,2.065
5/28/10,2.101
5/27/10,2.097
5/26/10,2.009
5/25/10,1.987
5/24/10,2.005
5/21/10,1.993
5/20/10,1.949
5/19/10,2.011
5/18/10,2.029
5/17/10,2.062
5/14/10,2.136
5/13/10,2.194
5/12/10,2.23
5/11/10,2.195
5/10/10,2.192
5/7/10,2.155
5/6/10,2.173
5/5/10,2.245
5/4/10,2.325
5/3/10,2.403
4/30/10,2.383
4/29/10,2.357
4/28/10,2.322
4/27/10,2.302
4/26/10,2.329
4/23/10,2.355
4/22/10,2.295
4/21/10,2.293
4/20/10,2.25
4/19/10,2.228
4/16/10,2.294
4/15/10,2.312
4/14/10,2.304
4/13/10,2.273
4/12/10,2.283
4/9/10,2.286
4/8/10,2.299
4/7/10,2.31
4/6/10,2.334
4/5/10,2.333
4/1/10,2.269
3/31/10,2.213
3/30/10,2.197
3/29/10,2.199
3/26/10,2.161
3/25/10,2.149
3/24/10,2.123
3/23/10,2.132
3/22/10,2.121
3/19/10,2.115
3/18/10,2.149
3/17/10,2.169
3/16/10,2.139
3/15/10,2.079
3/12/10,2.13
3/11/10,2.142
3/10/10,2.145
3/9/10,2.129
3/8/10,2.149
3/5/10,2.16
3/4/10,2.126
3/3/10,2.153
3/2/10,2.117
3/1/10,2.066
2/26/10,2.08
2/25/10,2.032
2/24/10,2.089
2/23/10,2.077
2/22/10,2.105
2/19/10,2.113
2/18/10,2.082
2/17/10,2.03
2/16/10,2.016
2/12/10,1.949
2/11/10,1.986
2/10/10,1.985
2/9/10,1.982
2/8/10,1.917
2/5/10,1.916
2/4/10,1.945
2/3/10,2.033
2/2/10,2.046
2/1/10,1.981
1/29/10,1.938
1/28/10,1.93
1/27/10,1.933
1/26/10,1.961
1/25/10,1.965
1/22/10,1.933
1/21/10,1.951
1/20/10,1.964
1/19/10,2.001
1/15/10,1.992
1/14/10,2.003
1/13/10,2.047
1/12/10,2.071
1/11/10,2.133
1/8/10,2.187
1/7/10,2.176
1/6/10,2.198
1/5/10,2.19
1/4/10,2.209
12/31/09,2.139
12/30/09,2.121
12/29/09,2.126
12/28/09,2.102
12/24/09,2.062
12/23/09,2.038
12/22/09,1.966
12/21/09,1.954
12/18/09,1.96
12/17/09,1.938
12/16/09,1.962
12/15/09,1.879
12/14/09,1.887
12/11/09,1.901
12/10/09,1.881
12/9/09,1.897
12/8/09,1.971
12/7/09,2
12/4/09,2.046
12/3/09,2.028
12/2/09,2.049
12/1/09,2.07
11/30/09,2.032
11/27/09,2.01
11/25/09,2.026
11/24/09,1.975
11/23/09,1.999
11/20/09,2.009
11/19/09,2.018
11/18/09,2.066
11/17/09,2.075
11/16/09,2.049
11/13/09,1.989
11/12/09,2.003
11/11/09,2.04
11/10/09,2.036
11/9/09,2.048
11/6/09,1.999
11/5/09,2.063
11/4/09,2.093
11/3/09,2.084
11/2/09,2.06
10/30/09,2.03
10/29/09,2.097
10/28/09,2.027
10/27/09,2.086
10/26/09,2.079
10/23/09,2.11
10/22/09,2.129
10/21/09,2.125
10/20/09,2.066
10/19/09,2.087
10/16/09,2.08
10/15/09,2.047
10/14/09,1.974
10/13/09,1.956
10/12/09,1.917
10/9/09,1.896
10/8/09,1.865
10/7/09,1.81
10/6/09,1.838
10/5/09,1.811
10/2/09,1.828
10/1/09,1.865
9/30/09,1.869
9/29/09,1.774
9/28/09,1.814
9/25/09,1.737
9/24/09,1.744
9/23/09,1.814
9/22/09,1.874
9/21/09,1.811
9/18/09,1.85
9/17/09,1.877
9/16/09,1.86
9/15/09,1.828
9/14/09,1.809
9/11/09,1.799
9/10/09,1.857
9/9/09,1.864
9/8/09,1.861
9/4/09,1.799
9/3/09,1.8
9/2/09,1.81
9/1/09,1.812
8/31/09,1.848
8/28/09,1.941
8/27/09,1.939
8/26/09,1.927
8/25/09,1.91
8/24/09,1.99
8/21/09,1.946
8/20/09,1.912
8/19/09,1.968
8/18/09,1.915
8/17/09,1.857
8/14/09,1.886
8/13/09,1.952
8/12/09,1.941
8/11/09,1.946
8/10/09,1.992
8/7/09,1.963
8/6/09,1.992
8/5/09,2.017
8/4/09,1.963
8/3/09,1.935
7/31/09,1.891
7/30/09,1.854
7/29/09,1.767
7/28/09,1.858
7/27/09,1.896
7/24/09,1.89
7/23/09,1.858
7/22/09,1.814
7/21/09,1.825
7/20/09,1.792
7/17/09,1.766
7/16/09,1.704
7/15/09,1.674
7/14/09,1.596
7/13/09,1.594
7/10/09,1.605
7/9/09,1.607
7/8/09,1.591
7/7/09,1.64
7/6/09,1.674
7/2/09,1.737
7/1/09,1.801
6/30/09,1.843
6/29/09,1.874
6/26/09,1.856
6/25/09,1.868
6/24/09,1.828
6/23/09,1.858
6/22/09,1.814
6/19/09,1.875
6/18/09,1.903
6/17/09,1.898
6/16/09,1.861
6/15/09,1.843
6/12/09,1.875
6/11/09,1.881
6/10/09,1.841
6/9/09,1.833
6/8/09,1.792
6/5/09,1.795
6/4/09,1.792
6/3/09,1.778
6/2/09,1.85
6/1/09,1.8
5/29/09,1.717
5/28/09,1.647
5/27/09,1.619
5/26/09,1.604
5/22/09,1.598
5/21/09,1.58
5/20/09,1.586
5/19/09,1.507
5/18/09,1.504
5/15/09,1.432
5/14/09,1.497
5/13/09,1.49
5/12/09,1.513
5/11/09,1.497
5/8/09,1.526
5/7/09,1.483
5/6/09,1.48
5/5/09,1.44
5/4/09,1.447
5/1/09,1.408
4/30/09,1.359
4/29/09,1.372
4/28/09,1.361
4/27/09,1.379
4/24/09,1.422
4/23/09,1.337
4/22/09,1.358
4/21/09,1.381
4/20/09,1.362
4/17/09,1.461
4/16/09,1.454
4/15/09,1.436
4/14/09,1.432
4/13/09,1.45
4/9/09,1.477
4/8/09,1.459
4/7/09,1.437
4/6/09,1.509
4/3/09,1.528
4/2/09,1.511
4/1/09,1.407
3/31/09,1.391
3/30/09,1.386
3/27/09,1.475
3/26/09,1.488
3/25/09,1.479
3/24/09,1.51
3/23/09,1.465
3/20/09,1.369
3/19/09,1.36
3/18/09,1.304
3/17/09,1.285
3/16/09,1.225
3/13/09,1.205
3/12/09,1.201
3/11/09,1.099
3/10/09,1.156
3/9/09,1.172
3/6/09,1.201
3/5/09,1.121
3/4/09,1.178
3/3/09,1.146
3/2/09,1.122
2/27/09,1.255
2/26/09,1.278
2/25/09,1.244
2/24/09,1.209
2/23/09,1.179
2/20/09,1.204
2/19/09,1.205
2/18/09,1.184
2/17/09,1.197
2/13/09,1.32
2/12/09,1.333
2/11/09,1.345
2/10/09,1.35
2/9/09,1.39
2/6/09,1.392
2/5/09,1.373
2/4/09,1.347
2/3/09,1.326
2/2/09,1.39
1/30/09,1.439
1/29/09,1.404
1/28/09,1.391
1/27/09,1.379
1/26/09,1.403
1/23/09,1.41
1/22/09,1.305
1/21/09,1.338
1/20/09,1.353
1/16/09,1.424
1/15/09,1.435
1/14/09,1.414
1/13/09,1.51
1/12/09,1.49
1/9/09,1.521
1/8/09,1.564
1/7/09,1.575
1/6/09,1.65
1/5/09,1.599
1/2/09,1.505
12/31/08,1.31
12/30/08,1.271
12/29/08,1.306
12/26/08,1.277
12/24/08,1.242
12/23/08,1.354
12/22/08,1.329
12/19/08,1.301
12/18/08,1.278
12/17/08,1.312
12/16/08,1.365
12/15/08,1.327
12/12/08,1.336
12/11/08,1.328
12/10/08,1.255
12/9/08,1.291
12/8/08,1.383
12/5/08,1.342
12/4/08,1.361
12/3/08,1.438
12/2/08,1.489
12/1/08,1.505
11/28/08,1.633
11/26/08,1.644
11/25/08,1.609
11/24/08,1.687
11/21/08,1.626
11/20/08,1.571
11/19/08,1.66
11/18/08,1.671
11/17/08,1.693
11/14/08,1.727
11/13/08,1.81
11/12/08,1.736
11/11/08,1.821
11/10/08,1.914
11/7/08,1.891
11/6/08,1.883
11/5/08,2
11/4/08,2.053
11/3/08,1.898
10/31/08,2.008
10/30/08,1.937
10/29/08,1.984
10/28/08,1.92
10/27/08,1.866
10/24/08,1.951
10/23/08,2.054
10/22/08,2.021
10/21/08,2.108
10/20/08,2.223
10/17/08,2.105
10/16/08,2.107
10/15/08,2.127
10/14/08,2.26
10/13/08,2.36
10/10/08,2.294
10/9/08,2.386
10/8/08,2.506
10/7/08,2.46
10/6/08,2.475
10/3/08,2.632
10/2/08,2.706
10/1/08,2.871
9/30/08,2.959
9/29/08,2.809
9/26/08,3.067
9/25/08,3.084
9/24/08,3.057
9/23/08,3.071
9/22/08,3.07
9/19/08,2.939
9/18/08,2.847
9/17/08,2.881
9/16/08,2.832
9/15/08,2.8
9/12/08,2.989
9/11/08,2.961
9/10/08,2.944
9/9/08,2.924
9/8/08,3.039
9/5/08,2.998
9/4/08,3.033
9/3/08,3.098
9/2/08,3.147
8/29/08,3.244
8/28/08,3.216
8/27/08,3.296
8/26/08,3.257
8/25/08,3.204
8/22/08,3.152
8/21/08,3.314
8/20/08,3.203
8/19/08,3.167
8/18/08,3.104
8/15/08,3.146
8/14/08,3.142
8/13/08,3.175
8/12/08,3.123
8/11/08,3.143
8/8/08,3.151
8/7/08,3.251
8/6/08,3.249
8/5/08,3.302
8/4/08,3.406
8/1/08,3.5
7/31/08,3.527
7/30/08,3.639
7/29/08,3.595
7/28/08,3.689
7/25/08,3.649
7/24/08,3.702
7/23/08,3.657
7/22/08,3.778
7/21/08,3.869
7/18/08,3.776
7/17/08,3.813
7/16/08,3.895
7/15/08,3.959
7/14/08,4.111
7/11/08,4.109
7/10/08,4.07
7/9/08,3.869
7/8/08,3.869
7/7/08,4.019
7/3/08,4.132
7/2/08,4.122
7/1/08,3.995
6/30/08,3.98
6/27/08,3.981
6/26/08,3.943
6/25/08,3.77
6/24/08,3.856
6/23/08,3.849
6/20/08,3.797
6/19/08,3.775
6/18/08,3.942
6/17/08,3.866
6/16/08,3.861
6/13/08,3.912
6/12/08,4.014
6/11/08,4.039
6/10/08,3.909
6/9/08,3.986
6/6/08,4.067
6/5/08,3.811
6/4/08,3.719
6/3/08,3.816
6/2/08,3.893
5/30/08,3.783
5/29/08,3.842
5/28/08,3.974
5/27/08,3.979
5/23/08,4.062
5/22/08,4.133
5/21/08,4.129
5/20/08,3.965
5/19/08,3.878
5/16/08,3.899
5/15/08,3.82
5/14/08,3.794
5/13/08,3.882
5/12/08,3.735
5/9/08,3.84
5/8/08,3.721
5/7/08,3.651
5/6/08,3.548
5/5/08,3.515
5/2/08,3.405
5/1/08,3.311
4/30/08,3.397
4/29/08,3.427
4/28/08,3.47
4/25/08,3.512
4/24/08,3.441
4/23/08,3.502
4/22/08,3.493
4/21/08,3.487
4/18/08,3.472
4/17/08,3.429
4/16/08,3.436
4/15/08,3.43
4/14/08,3.345
4/11/08,3.347
4/10/08,3.399
4/9/08,3.495
4/8/08,3.36
4/7/08,3.315
4/4/08,3.213
4/3/08,3.125
4/2/08,3.14
4/1/08,3.072
3/31/08,3.082
3/28/08,3.158
3/27/08,3.212
3/26/08,3.14
3/25/08,3.012
3/24/08,3.063
3/20/08,3.103
3/19/08,3.186
3/18/08,3.236
3/17/08,3.212
3/14/08,3.31
3/13/08,3.296
3/12/08,3.215
3/11/08,3.17
3/10/08,3.161
3/7/08,3.139
3/6/08,3.15
3/5/08,3.07
3/4/08,2.923
3/3/08,2.974
2/29/08,2.95
2/28/08,2.975
2/27/08,2.891
2/26/08,2.957
2/25/08,2.931
2/22/08,2.925
2/21/08,2.873
2/20/08,2.913
2/19/08,2.891
2/15/08,2.737
2/14/08,2.761
2/13/08,2.679
2/12/08,2.643
2/11/08,2.657
2/8/08,2.615
2/7/08,2.514
2/6/08,2.466
2/5/08,2.511
2/4/08,2.543
2/1/08,2.504
1/31/08,2.575
1/30/08,2.531
1/29/08,2.572
1/28/08,2.546
1/25/08,2.539
1/24/08,2.495
1/23/08,2.482
1/22/08,2.485
1/18/08,2.506
1/17/08,2.495
1/16/08,2.41
1/15/08,2.436
1/14/08,2.495
1/11/08,2.42
1/10/08,2.48
1/9/08,2.559
1/8/08,2.592
1/7/08,2.612
1/4/08,2.703
1/3/08,2.738
1/2/08,2.756
12/31/07,2.688
12/28/07,2.671
12/27/07,2.717
12/26/07,2.685
12/24/07,2.641
12/21/07,2.657
12/20/07,2.55
12/19/07,2.557
12/18/07,2.515
12/17/07,2.536
12/14/07,2.563
12/13/07,2.587
12/12/07,2.607
12/11/07,2.497
12/10/07,2.467
12/7/07,2.468
12/6/07,2.512
12/5/07,2.477
12/4/07,2.482
12/3/07,2.494
11/30/07,2.533
11/29/07,2.602
11/28/07,2.623
11/27/07,2.718
11/26/07,2.76
11/23/07,2.779
11/21/07,2.759
11/20/07,2.77
11/19/07,2.697
11/16/07,2.688
11/15/07,2.658
11/14/07,2.686
11/13/07,2.635
11/12/07,2.743
11/9/07,2.8
11/8/07,2.786
11/7/07,2.807
11/6/07,2.817
11/5/07,2.753
11/2/07,2.778
11/1/07,2.668
10/31/07,2.707
10/30/07,2.624
10/29/07,2.677
10/26/07,2.64
10/25/07,2.619
10/24/07,2.57
10/23/07,2.512
10/22/07,2.481
10/19/07,2.528
10/18/07,2.565
10/17/07,2.52
10/16/07,2.566
10/15/07,2.52
10/12/07,2.452
10/11/07,2.47
10/10/07,2.488
10/9/07,2.424
10/8/07,2.401
10/5/07,2.418
10/4/07,2.379
10/3/07,2.307
10/2/07,2.298
10/1/07,2.317
9/28/07,2.351
9/27/07,2.362
9/26/07,2.3
9/25/07,2.251
9/24/07,2.301
9/21/07,2.327
9/20/07,2.333
9/19/07,2.32
9/18/07,2.286
9/17/07,2.259
9/14/07,2.245
9/13/07,2.253
9/12/07,2.249
9/11/07,2.217
9/10/07,2.234
9/7/07,2.19
9/6/07,2.238
9/5/07,2.207
9/4/07,2.182
8/31/07,2.212
8/30/07,2.209
8/29/07,2.214
8/28/07,2.165
8/27/07,2.162
8/24/07,2.143
8/23/07,2.116
8/22/07,2.113
8/21/07,2.12
8/20/07,2.148
8/17/07,2.181
8/16/07,2.18
8/15/07,2.191
8/14/07,2.148
8/13/07,2.132
8/10/07,2.144
8/9/07,2.15
8/8/07,2.148
8/7/07,2.12
8/6/07,2.108
8/3/07,2.199
8/2/07,2.241
8/1/07,2.259
7/31/07,2.305
7/30/07,2.268
7/27/07,2.274
7/26/07,2.232
7/25/07,2.294
7/24/07,2.261
7/23/07,2.305
7/20/07,2.366
7/19/07,2.382
7/18/07,2.374
7/17/07,2.305
7/16/07,2.327
7/13/07,2.378
7/12/07,2.321
7/11/07,2.382
7/10/07,2.395
7/9/07,2.373
7/6/07,2.313
7/5/07,2.31
7/3/07,2.289
7/2/07,2.299
6/29/07,2.255
6/28/07,2.244
6/27/07,2.255
6/26/07,2.225
6/25/07,2.249
6/22/07,2.285
6/21/07,2.273
6/20/07,2.275
6/19/07,2.291
6/18/07,2.313
6/15/07,2.321
6/14/07,2.319
6/13/07,2.257
6/12/07,2.219
6/11/07,2.232
6/8/07,2.191
6/7/07,2.223
6/6/07,2.233
6/5/07,2.226
6/4/07,2.204
6/1/07,2.188
5/31/07,2.166
5/30/07,2.148
5/29/07,2.138
5/25/07,2.202
5/24/07,2.16
5/23/07,2.16
5/22/07,2.145
5/21/07,2.183
5/18/07,2.141
5/17/07,2.154
5/16/07,2.092
5/15/07,2.133
5/14/07,2.113
5/11/07,2.137
5/10/07,2.121
5/9/07,2.096
5/8/07,2.104
5/7/07,2.069
5/4/07,2.104
5/3/07,2.112
5/2/07,2.106
5/1/07,2.145
4/30/07,2.175
4/27/07,2.198
4/26/07,2.193
4/25/07,2.184
4/24/07,2.147
4/23/07,2.181
4/20/07,2.129
4/19/07,2.101
4/18/07,2.109
4/17/07,2.165
4/16/07,2.176
4/13/07,2.208
4/12/07,2.255
4/11/07,2.226
4/10/07,2.196
4/9/07,2.135
4/5/07,2.17
4/4/07,2.211
4/3/07,2.195
4/2/07,2.195
3/30/07,2.203
3/29/07,2.222
3/28/07,2.174
3/27/07,2.11
3/26/07,2.083
3/23/07,2.009
3/22/07,2.026
3/21/07,2.001
3/20/07,1.993
3/19/07,1.967
3/16/07,1.953
3/15/07,1.947
3/14/07,2.024
3/13/07,2.035
3/12/07,2.02
3/9/07,2.003
3/8/07,2.048
3/7/07,2.027
3/6/07,1.99
3/5/07,1.967
3/2/07,2.006
3/1/07,2.025
2/28/07,2.027
2/27/07,2
2/26/07,2.013
2/23/07,2.015
2/22/07,1.973
2/21/07,1.92
2/20/07,1.888
2/16/07,1.906
2/15/07,1.972
2/14/07,1.985
2/13/07,2.038
2/12/07,1.986
2/9/07,2.097
2/8/07,2.095
2/7/07,2.049
2/6/07,2.075
2/5/07,2.06
2/2/07,2.03
2/1/07,1.989
1/31/07,1.979
1/30/07,1.948
1/29/07,1.838
1/26/07,1.883
1/25/07,1.869
1/24/07,1.901
1/23/07,1.754
1/22/07,1.717
1/19/07,1.736
1/18/07,1.67
1/17/07,1.701
1/16/07,1.69
1/12/07,1.705
1/11/07,1.687
1/10/07,1.769
1/9/07,1.896
1/8/07,1.934
1/5/07,1.94
1/4/07,1.921
1/3/07,1.959
1/2/07,2.029
12/29/06,1.998
12/28/06,1.903
12/27/06,1.904
12/26/06,1.879
12/22/06,1.937
12/21/06,1.898
12/20/06,1.924
12/19/06,1.772
12/18/06,1.78
12/15/06,1.935
12/14/06,1.932
12/13/06,2.131
12/12/06,2.152
12/11/06,2.163
12/8/06,2.18
12/7/06,2.196
12/6/06,2.229
12/5/06,2.23
12/4/06,2.167
12/1/06,2.161
11/30/06,2.153
11/29/06,2.002
11/28/06,1.922
11/27/06,1.924
11/22/06,1.893
11/21/06,1.93
11/20/06,1.881
11/17/06,1.89
11/16/06,1.877
11/15/06,1.854
11/14/06,1.834
11/13/06,1.829
11/10/06,1.883
11/9/06,1.912
11/8/06,1.875
11/7/06,1.833
11/6/06,1.877
11/3/06,1.832
11/2/06,1.787
11/1/06,1.81
10/31/06,1.811
10/30/06,1.788
10/27/06,1.786
10/26/06,1.834
10/25/06,1.875
10/24/06,1.774
10/23/06,1.763
10/20/06,1.77
10/19/06,1.676
10/18/06,1.66
10/17/06,1.779
10/16/06,1.846
10/13/06,1.82
10/12/06,1.843
10/11/06,1.8
10/10/06,1.833
10/9/06,1.89
10/6/06,1.866
10/5/06,1.857
10/4/06,1.839
10/3/06,1.813
10/2/06,1.882
9/29/06,1.845
9/28/06,1.835
9/27/06,1.87
9/26/06,1.818
9/25/06,1.776
9/22/06,1.76
9/21/06,1.809
9/20/06,1.791
9/19/06,1.895
9/18/06,1.935
9/15/06,1.952
9/14/06,1.985
9/13/06,2.018
9/12/06,2.06
9/11/06,2.107
9/8/06,2.144
9/7/06,2.203
9/6/06,2.265
9/5/06,2.298
9/1/06,2.323
8/31/06,2.235
8/30/06,2.268
8/29/06,2.252
8/28/06,2.261
8/25/06,2.333
8/24/06,2.324
8/23/06,2.25
8/22/06,2.287
8/21/06,2.269
8/18/06,2.297
8/17/06,2.29
8/16/06,2.308
8/15/06,2.312
8/14/06,2.303
8/11/06,2.313
8/10/06,2.309
8/9/06,2.382
8/8/06,2.391
8/7/06,2.383
8/4/06,2.292
8/3/06,2.303
8/2/06,2.3
8/1/06,2.237
7/31/06,2.204
7/28/06,2.18
7/27/06,2.262
7/26/06,2.237
7/25/06,2.195
7/24/06,2.23
7/21/06,2.205
7/20/06,2.159
7/19/06,2.191
7/18/06,2.225
7/17/06,2.218
7/14/06,2.254
7/13/06,2.274
7/12/06,2.186
7/11/06,2.173
7/10/06,2.087
7/7/06,2.165
7/6/06,2.252
7/5/06,2.267
6/30/06,2.264
6/29/06,2.271
6/28/06,2.23
6/27/06,2.257
6/26/06,2.266
6/23/06,2.254
6/22/06,2.217
6/21/06,2.184
6/20/06,2.153
6/19/06,2.168
6/16/06,2.203
6/15/06,2.22
6/14/06,2.244
6/13/06,2.243
6/12/06,2.31
6/9/06,2.368
6/8/06,2.288
6/7/06,2.315
6/6/06,2.36
6/5/06,2.385
6/2/06,2.385
6/1/06,2.328
5/31/06,2.358
5/30/06,2.388
5/26/06,2.393
5/25/06,2.38
5/24/06,2.33
5/23/06,2.4
5/22/06,2.33
5/19/06,2.3
5/18/06,2.275
5/17/06,2.315
5/16/06,2.315
5/15/06,2.315
5/12/06,2.425
5/11/06,2.46
5/10/06,2.45
5/9/06,2.35
5/8/06,2.37
5/5/06,2.36
5/4/06,2.355
5/3/06,2.66
5/2/06,2.55
5/1/06,2.48
4/28/06,2.41
4/27/06,2.365
4/26/06,2.34
4/25/06,2.39
4/24/06,2.37
4/21/06,2.42
4/20/06,2.37
4/19/06,2.375
4/18/06,2.335
4/17/06,2.26
4/13/06,2.225
4/12/06,2.205
4/11/06,2.225
4/10/06,2.195
4/7/06,2.145
4/6/06,2.18
4/5/06,2.145
4/4/06,2.183
4/3/06,2.135
3/31/06,2.1
3/30/06,2.113
3/29/06,2.055
3/28/06,2.06
3/27/06,2.035
3/24/06,1.993
3/23/06,1.975
3/22/06,1.96
3/21/06,1.982
3/20/06,1.947
3/17/06,1.945
3/16/06,1.965
3/15/06,1.935
3/14/06,2
3/13/06,1.94
3/10/06,1.89
3/9/06,1.935
3/8/06,1.955
3/7/06,1.96
3/6/06,1.998
3/3/06,2.035
3/2/06,2.035
3/1/06,1.98
2/28/06,1.93
2/27/06,1.915
2/24/06,1.965
2/23/06,1.945
2/22/06,1.895
2/21/06,1.905
2/17/06,1.888
2/16/06,1.808
2/15/06,1.818
2/14/06,1.835
2/13/06,1.87
2/10/06,1.845
2/9/06,1.864
2/8/06,1.905
2/7/06,1.94
2/6/06,1.945
2/3/06,1.945
2/2/06,1.925
2/1/06,1.973
1/31/06,2.005
1/30/06,2.02
1/27/06,1.995
1/26/06,1.995
1/25/06,1.975
1/24/06,2.03
1/23/06,2.073
1/20/06,2.055
1/19/06,2.02
1/18/06,1.893
1/17/06,1.93
1/13/06,1.865
1/12/06,1.865
1/11/06,1.89
1/10/06,1.88
1/9/06,1.895
1/6/06,1.905
1/5/06,1.88
1/4/06,1.913
1/3/06,1.878
12/30/05,1.843
12/29/05,1.803
12/28/05,1.77
12/27/05,1.725
12/23/05,1.798
12/22/05,1.815
12/21/05,1.828
12/20/05,1.75
12/19/05,1.778
12/16/05,1.83
12/15/05,1.78
12/14/05,1.79
12/13/05,1.78
12/12/05,1.7
12/9/05,1.66
12/8/05,1.7
12/7/05,1.66
12/6/05,1.693
12/5/05,1.718
12/2/05,1.69
12/1/05,1.665
11/30/05,1.625
11/29/05,1.6
11/28/05,1.643
11/23/05,1.665
11/22/05,1.706
11/21/05,1.723
11/18/05,1.71
11/17/05,1.725
11/16/05,1.744
11/15/05,1.713
11/14/05,1.768
11/11/05,1.765
11/10/05,1.783
11/9/05,1.833
11/8/05,1.815
11/7/05,1.815
11/4/05,1.825
11/3/05,1.86
11/2/05,1.798
11/1/05,1.87
10/31/05,1.885
10/28/05,1.97
10/27/05,1.985
10/26/05,1.965
10/25/05,1.995
10/24/05,1.955
10/21/05,1.99
10/20/05,2.05
10/19/05,2.115
10/18/05,2.23
10/17/05,2.268
10/14/05,2.225
10/13/05,2.297
10/12/05,2.331
10/11/05,2.375
10/10/05,2.365
10/7/05,2.355
10/6/05,2.315
10/5/05,2.368
10/4/05,2.36
10/3/05,2.355
9/30/05,2.53
9/29/05,2.555
9/28/05,2.315
9/27/05,2.38
9/26/05,2.259
9/23/05,2.175
9/22/05,2.28
9/21/05,2.28
9/20/05,2.213
9/19/05,2.27
9/16/05,2.095
9/15/05,2.145
9/14/05,2.165
9/13/05,2.105
9/12/05,2.05
9/9/05,2
9/8/05,2.033
9/7/05,2.145
9/6/05,2.225
9/2/05,2.314
9/1/05,2.399
8/31/05,2.33
8/30/05,2.265
8/29/05,2.14
8/26/05,2.13
8/25/05,2.16
8/24/05,2.025
8/23/05,1.975
8/22/05,1.99
8/19/05,2.03
8/18/05,1.98
8/17/05,2.02
8/16/05,2.155
8/15/05,2.2
8/12/05,2.16
8/11/05,2.145
8/10/05,2.13
8/9/05,2.18
8/8/05,2.225
8/5/05,2.135
8/4/05,2.145
8/3/05,2.095
8/2/05,2.08
8/1/05,2.065
7/29/05,1.955
7/28/05,1.915
7/27/05,1.865
7/26/05,1.855
7/25/05,1.81
7/22/05,1.79
7/21/05,1.745
7/20/05,1.74
7/19/05,1.745
7/18/05,1.735
7/15/05,1.755
7/14/05,1.745
7/13/05,1.805
7/12/05,1.828
7/11/05,1.76
7/8/05,1.8
7/7/05,1.84
7/6/05,1.87
7/5/05,1.81
7/1/05,1.81
6/30/05,1.735
6/29/05,1.72
6/28/05,1.745
6/27/05,1.805
6/24/05,1.785
6/23/05,1.79
6/22/05,1.705
6/21/05,1.72
6/20/05,1.76
6/17/05,1.74
6/16/05,1.685
6/15/05,1.685
6/14/05,1.705
6/13/05,1.738
6/10/05,1.685
6/9/05,1.715
6/8/05,1.66
6/7/05,1.705
6/6/05,1.725
6/3/05,1.725
6/2/05,1.675
6/1/05,1.685
5/31/05,1.59
5/27/05,1.6
5/26/05,1.6
5/25/05,1.57
5/24/05,1.545
5/23/05,1.53
5/20/05,1.525
5/19/05,1.55
5/18/05,1.535
5/17/05,1.56
5/16/05,1.49
5/13/05,1.515
5/12/05,1.515
5/11/05,1.59
5/10/05,1.655
5/9/05,1.66
5/6/05,1.66
5/5/05,1.675
5/4/05,1.73
5/3/05,1.725
5/2/05,1.72
4/29/05,1.7
4/28/05,1.77
4/27/05,1.745
4/26/05,1.81
4/25/05,1.84
4/22/05,1.835
4/21/05,1.785
4/20/05,1.77
4/19/05,1.71
4/18/05,1.695
4/15/05,1.745
4/14/05,1.74
4/13/05,1.74
4/12/05,1.75
4/11/05,1.765
4/8/05,1.825
4/7/05,1.805
4/6/05,1.857
4/5/05,1.875
4/4/05,1.9
4/1/05,1.929
3/31/05,1.856
3/30/05,1.797
3/29/05,1.747
3/28/05,1.747
3/24/05,1.763
3/23/05,1.744
3/22/05,1.74
3/21/05,1.794
3/18/05,1.797
3/17/05,1.746
3/16/05,1.736
3/15/05,1.707
3/14/05,1.636
3/11/05,1.643
3/10/05,1.619
3/9/05,1.683
3/8/05,1.679
3/7/05,1.633
3/4/05,1.623
3/3/05,1.658
3/2/05,1.68
3/1/05,1.665
2/28/05,1.669
2/25/05,1.654
2/24/05,1.66
2/23/05,1.636
2/22/05,1.619
2/18/05,1.579
2/17/05,1.543
2/16/05,1.532
2/15/05,1.461
2/14/05,1.459
2/11/05,1.471
2/10/05,1.486
2/9/05,1.424
2/8/05,1.396
2/7/05,1.366
2/4/05,1.419
2/3/05,1.377
2/2/05,1.392
2/1/05,1.4
1/31/05,1.43
1/28/05,1.415
1/27/05,1.415
1/26/05,1.423
1/25/05,1.435
1/24/05,1.415
1/21/05,1.385
1/20/05,1.35
1/19/05,1.35
1/18/05,1.34
1/14/05,1.325
1/13/05,1.305
1/12/05,1.26
1/11/05,1.195
1/10/05,1.193
1/7/05,1.19
1/6/05,1.19
1/5/05,1.14
1/4/05,1.165
1/3/05,1.128
12/30/04,1.21
12/29/04,1.245
12/28/04,1.19
12/27/04,1.185
12/23/04,1.3
12/22/04,1.355
12/21/04,1.38
12/20/04,1.34
12/17/04,1.37
12/16/04,1.355
12/15/04,1.335
12/14/04,1.26
12/13/04,1.185
12/10/04,1.14
12/9/04,1.24
12/8/04,1.205
12/7/04,1.175
12/6/04,1.2
12/3/04,1.18
12/2/04,1.205
12/1/04,1.33
11/30/04,1.435
11/29/04,1.48
11/24/04,1.47
11/23/04,1.535
11/22/04,1.485
11/19/04,1.555
11/18/04,1.495
11/17/04,1.495
11/16/04,1.415
11/15/04,1.42
11/12/04,1.425
11/11/04,1.46
11/10/04,1.49
11/9/04,1.4
11/8/04,1.46
11/5/04,1.46
11/4/04,1.515
11/3/04,1.525
11/2/04,1.465
11/1/04,1.49
10/29/04,1.545
10/28/04,1.545
10/27/04,1.575
10/26/04,1.68
10/25/04,1.68
10/22/04,1.725
10/21/04,1.705
10/20/04,1.69
10/19/04,1.63
10/18/04,1.655
10/15/04,1.695
10/14/04,1.695
10/13/04,1.645
10/12/04,1.605
10/11/04,1.625
10/8/04,1.605
10/7/04,1.55
10/6/04,1.55
10/5/04,1.585
10/4/04,1.57
10/1/04,1.565
9/30/04,1.555
9/29/04,1.555
9/28/04,1.555
9/27/04,1.58
9/24/04,1.55
9/23/04,1.545
9/22/04,1.525
9/21/04,1.51
9/20/04,1.49
9/17/04,1.505
9/16/04,1.47
9/15/04,1.47
9/14/04,1.43
9/13/04,1.385
9/10/04,1.375
9/9/04,1.39
9/8/04,1.345
9/7/04,1.34
9/3/04,1.33
9/2/04,1.36
9/1/04,1.33
8/31/04,1.265
8/30/04,1.315
8/27/04,1.345
8/26/04,1.37
8/25/04,1.385
8/24/04,1.425
8/23/04,1.435
8/20/04,1.455
8/19/04,1.45
8/18/04,1.4
8/17/04,1.415
8/16/04,1.385
8/13/04,1.375
8/12/04,1.37
8/11/04,1.355
8/10/04,1.345
8/9/04,1.35
8/6/04,1.285
8/5/04,1.285
8/4/04,1.295
8/3/04,1.315
8/2/04,1.33
7/30/04,1.335
7/29/04,1.315
7/28/04,1.355
7/27/04,1.355
7/26/04,1.37
7/23/04,1.32
7/22/04,1.31
7/21/04,1.315
7/20/04,1.305
7/19/04,1.28
7/16/04,1.26
7/15/04,1.27
7/14/04,1.31
7/13/04,1.31
7/12/04,1.32
7/9/04,1.29
7/8/04,1.365
7/7/04,1.365
7/6/04,1.35
7/2/04,1.365
7/1/04,1.33
6/30/04,1.32
6/29/04,1.3
6/28/04,1.295
6/25/04,1.275
6/24/04,1.28
6/23/04,1.22
6/22/04,1.22
6/21/04,1.19
6/18/04,1.135
6/17/04,1.135
6/16/04,1.153
6/15/04,1.15
6/14/04,1.145
6/10/04,1.155
6/9/04,1.11
6/8/04,1.11
6/7/04,1.13
6/4/04,1.125
6/3/04,1.125
6/2/04,1.17
6/1/04,1.17
5/28/04,1.195
5/27/04,1.185
5/26/04,1.195
5/25/04,1.215
5/24/04,1.27
5/21/04,1.285
5/20/04,1.275
5/19/04,1.345
5/18/04,1.335
5/17/04,1.36
5/14/04,1.395
5/13/04,1.465
5/12/04,1.52
5/11/04,1.57
5/10/04,1.575
5/7/04,1.6
5/6/04,1.62
5/5/04,1.625
5/4/04,1.61
5/3/04,1.605
4/30/04,1.545
4/29/04,1.54
4/28/04,1.49
4/27/04,1.47
4/26/04,1.485
4/23/04,1.45
4/22/04,1.45
4/21/04,1.385
4/20/04,1.385
4/19/04,1.45
4/16/04,1.5
4/15/04,1.485
4/14/04,1.49
4/13/04,1.515
4/12/04,1.53
4/8/04,1.45
4/7/04,1.41
4/6/04,1.37
4/5/04,1.39
4/2/04,1.39
4/1/04,1.26
3/31/04,1.26
3/30/04,1.22
3/29/04,1.215
3/26/04,1.205
3/25/04,1.205
3/24/04,1.2
3/23/04,1.095
3/22/04,1.095
3/19/04,1.1
3/18/04,1.093
3/17/04,1.09
3/16/04,1.045
3/15/04,1.035
3/12/04,1.005
3/11/04,1.03
3/10/04,1
3/9/04,1.045
3/8/04,1.065
3/5/04,1.11
3/4/04,1.12
3/3/04,1.075
3/2/04,1.155
3/1/04,1.27
2/27/04,1.265
2/26/04,1.255
2/25/04,1.225
2/24/04,1.155
2/23/04,1.145
2/20/04,1.125
2/19/04,1.085
2/18/04,1.065
2/17/04,1.125
2/13/04,1.15
2/12/04,1.18
2/11/04,1.18
2/10/04,1.2
2/9/04,1.2
2/6/04,1.145
2/5/04,1.085
2/4/04,1.115
2/3/04,1.145
2/2/04,1.115
1/30/04,1.04
1/29/04,1.04
1/28/04,1.035
1/27/04,1.035
1/26/04,1.01
1/23/04,1.01
1/22/04,0.99
1/21/04,1.01
1/20/04,1
1/16/04,0.935
1/15/04,0.935
1/14/04,0.95
1/13/04,0.96
1/12/04,0.96
1/9/04,0.99
1/8/04,0.98
1/7/04,0.99
1/6/04,0.99
1/5/04,0.995
12/31/03,0.985
12/30/03,0.99
12/29/03,0.925
12/24/03,0.935
12/23/03,0.925
12/22/03,0.925
12/19/03,0.98
12/18/03,0.97
12/17/03,0.97
12/16/03,0.97
12/15/03,0.97
12/12/03,0.96
12/11/03,0.96
12/10/03,0.98
12/9/03,0.98
12/8/03,0.98
12/5/03,1.01
12/4/03,1.04
12/3/03,1.06
12/2/03,0.99
12/1/03,0.96
11/26/03,0.94
11/25/03,0.95
11/24/03,0.98
11/21/03,0.98
11/20/03,0.98
11/19/03,0.96
11/18/03,0.96
11/17/03,0.95
11/14/03,0.97
11/13/03,0.945
11/12/03,0.935
11/11/03,0.935
11/10/03,0.935
11/7/03,0.93
11/6/03,0.925
11/5/03,0.89
11/4/03,0.87
11/3/03,0.875
10/31/03,0.88
10/30/03,0.88
10/29/03,0.88
10/28/03,0.9
10/27/03,0.91
10/24/03,0.91
10/23/03,0.915
10/22/03,0.91
10/21/03,0.91
10/20/03,0.91
10/17/03,0.91
10/16/03,0.925
10/15/03,0.93
10/14/03,0.94
10/13/03,0.915
10/10/03,0.935
10/9/03,0.895
10/8/03,0.885
10/7/03,0.85
10/6/03,0.86
10/3/03,0.865
10/2/03,0.86
10/1/03,0.845
9/30/03,0.83
9/29/03,0.83
9/26/03,0.83
9/25/03,0.825
9/24/03,0.83
9/23/03,0.815
9/22/03,0.815
9/19/03,0.81
9/18/03,0.82
9/17/03,0.82
9/16/03,0.845
9/15/03,0.845
9/12/03,0.82
9/11/03,0.84
9/10/03,0.83
9/9/03,0.825
9/8/03,0.85
9/5/03,0.85
9/4/03,0.85
9/3/03,0.865
9/2/03,0.895
8/29/03,0.94
8/28/03,0.94
8/27/03,0.94
8/26/03,0.95
8/25/03,0.98
8/22/03,0.98
8/21/03,0.985
8/20/03,0.985
8/19/03,0.97
8/18/03,1.01
8/15/03,0.995
8/14/03,0.995
8/13/03,1.005
8/12/03,1.015
8/11/03,0.99
8/8/03,0.99
8/7/03,0.97
8/6/03,0.99
8/5/03,0.95
8/4/03,0.95
8/1/03,0.95
7/31/03,0.95
7/30/03,0.96
7/29/03,0.955
7/28/03,0.958
7/25/03,0.95
7/24/03,0.97
7/23/03,0.96
7/22/03,0.92
7/21/03,0.965
7/18/03,0.98
7/17/03,0.93
7/16/03,0.92
7/15/03,0.92
7/14/03,0.89
7/11/03,0.89
7/10/03,0.87
7/9/03,0.855
7/8/03,0.835
7/7/03,0.835
7/3/03,0.875
7/2/03,0.85
7/1/03,0.87
6/30/03,0.845
6/27/03,0.815
6/26/03,0.81
6/25/03,0.83
6/24/03,0.8
6/23/03,0.83
6/20/03,0.83
6/19/03,0.805
6/18/03,0.83
6/17/03,0.83
6/16/03,0.85
6/13/03,0.87
6/12/03,0.935
6/11/03,0.95
6/10/03,0.943
6/9/03,0.905
6/6/03,0.8
6/5/03,0.8
6/4/03,0.78
6/3/03,0.78
6/2/03,0.785
5/30/03,0.785
5/29/03,0.783
5/28/03,0.78
5/27/03,0.775
5/23/03,0.79
5/22/03,0.785
5/21/03,0.795
5/20/03,0.785
5/19/03,0.8
5/16/03,0.8
5/15/03,0.793
5/14/03,0.805
5/13/03,0.79
5/12/03,0.785
5/9/03,0.765
5/8/03,0.76
5/7/03,0.745
5/6/03,0.745
5/5/03,0.755
5/2/03,0.745
5/1/03,0.76
4/30/03,0.76
4/29/03,0.745
4/28/03,0.77
4/25/03,0.775
4/24/03,0.775
4/23/03,0.78
4/22/03,0.815
4/21/03,0.835
4/17/03,0.845
4/16/03,0.85
4/15/03,0.85
4/14/03,0.83
4/11/03,0.83
4/10/03,0.82
4/9/03,0.82
4/8/03,0.82
4/7/03,0.805
4/4/03,0.82
4/3/03,0.83
4/2/03,0.83
4/1/03,0.88
3/31/03,0.9
3/28/03,0.9
3/27/03,0.9
3/26/03,0.885
3/25/03,0.85
3/24/03,0.9
3/21/03,0.84
3/20/03,1.01
3/19/03,1.01
3/18/03,1.005
3/17/03,1.055
3/14/03,1.115
3/13/03,1.115
3/12/03,1.17
3/11/03,1.175
3/10/03,1.21
3/7/03,1.198
3/6/03,1.155
3/5/03,1.155
3/4/03,1.18
3/3/03,1.11
2/28/03,1.11
2/27/03,1.1
2/26/03,1.1
2/25/03,1.09
2/24/03,1.11
2/21/03,1.075
2/20/03,1.065
2/19/03,1.065
2/18/03,1.105
2/14/03,1.1
2/13/03,1.1
2/12/03,1.095
2/11/03,1.1
2/10/03,1.1
2/7/03,1.065
2/6/03,1.03
2/5/03,1.01
2/4/03,1
2/3/03,0.975
1/31/03,0.975
1/30/03,0.975
1/29/03,0.975
1/28/03,0.945
1/27/03,0.915
1/24/03,0.935
1/23/03,0.92
1/22/03,0.915
1/21/03,0.89
1/17/03,0.89
1/16/03,0.88
1/15/03,0.885
1/14/03,0.855
1/13/03,0.855
1/10/03,0.82
1/9/03,0.83
1/8/03,0.84
1/7/03,0.865
1/6/03,0.885
1/3/03,0.905
1/2/03,0.9
12/31/02,0.895
12/30/02,0.905
12/27/02,0.935
12/26/02,0.935
12/24/02,0.915
12/23/02,0.905
12/20/02,0.88
12/19/02,0.895
12/18/02,0.88
12/17/02,0.87
12/16/02,0.82
12/13/02,0.79
12/12/02,0.79
12/11/02,0.785
12/10/02,0.79
12/9/02,0.785
12/6/02,0.785
12/5/02,0.785
12/4/02,0.785
12/3/02,0.795
12/2/02,0.8
11/27/02,0.79
11/26/02,0.78
11/25/02,0.785
11/22/02,0.79
11/21/02,0.78
11/20/02,0.79
11/19/02,0.825
11/18/02,0.825
11/15/02,0.765
11/14/02,0.765
11/13/02,0.808
11/12/02,0.81
11/11/02,0.81
11/8/02,0.815
11/7/02,0.815
11/6/02,0.82
11/5/02,0.82
11/4/02,0.82
11/1/02,0.81
10/31/02,0.805
10/30/02,0.82
10/29/02,0.82
10/28/02,0.82
10/25/02,0.85
10/24/02,0.855
10/23/02,0.855
10/22/02,0.845
10/21/02,0.845
10/18/02,0.845
10/17/02,0.845
10/16/02,0.845
10/15/02,0.83
10/14/02,0.833
10/11/02,0.84
10/10/02,0.83
10/9/02,0.838
10/8/02,0.835
10/7/02,0.825
10/4/02,0.845
10/3/02,0.86
10/2/02,0.86
10/1/02,0.87
9/30/02,0.87
9/27/02,0.863
9/26/02,0.863
9/25/02,0.86
9/24/02,0.85
9/23/02,0.85
9/20/02,0.858
9/19/02,0.86
9/18/02,0.87
9/17/02,0.855
9/16/02,0.865
9/13/02,0.88
9/12/02,0.93
9/11/02,0.93
9/10/02,0.94
9/9/02,0.94
9/6/02,0.95
9/5/02,0.955
9/4/02,0.95
9/3/02,0.913
8/30/02,0.92
8/29/02,0.92
8/28/02,0.893
8/27/02,0.86
8/26/02,0.84
8/23/02,0.823
8/22/02,0.83
8/21/02,0.84
8/20/02,0.825
8/19/02,0.825
8/16/02,0.813
8/15/02,0.82
8/14/02,0.81
8/13/02,0.765
8/12/02,0.768
8/9/02,0.765
8/8/02,0.76
8/7/02,0.76
8/6/02,0.75
8/5/02,0.75
8/2/02,0.755
8/1/02,0.76
7/31/02,0.765
7/30/02,0.755
7/29/02,0.745
7/26/02,0.743
7/25/02,0.735
7/24/02,0.735
7/23/02,0.73
7/22/02,0.73
7/19/02,0.74
7/18/02,0.735
7/17/02,0.725
7/16/02,0.725
7/15/02,0.715
7/12/02,0.715
7/11/02,0.715
7/10/02,0.705
7/9/02,0.705
7/8/02,0.705
7/3/02,0.725
7/2/02,0.725
7/1/02,0.725
6/28/02,0.725
6/27/02,0.73
6/26/02,0.73
6/25/02,0.73
6/24/02,0.73
6/21/02,0.72
6/20/02,0.738
6/19/02,0.735
6/18/02,0.74
6/17/02,0.74
6/14/02,0.725
6/13/02,0.735
6/12/02,0.725
6/11/02,0.73
6/10/02,0.725
6/7/02,0.725
6/6/02,0.725
6/5/02,0.723
6/4/02,0.73
6/3/02,0.73
5/31/02,0.71
5/30/02,0.71
5/29/02,0.71
5/28/02,0.705
5/24/02,0.72
5/23/02,0.725
5/22/02,0.73
5/21/02,0.735
5/20/02,0.745
5/17/02,0.695
5/16/02,0.695
5/15/02,0.695
5/14/02,0.71
5/13/02,0.675
5/10/02,0.675
5/9/02,0.685
5/8/02,0.685
5/7/02,0.695
5/6/02,0.695
5/3/02,0.705
5/2/02,0.705
5/1/02,0.715
4/30/02,0.71
4/29/02,0.725
4/26/02,0.72
4/25/02,0.73
4/24/02,0.718
4/23/02,0.715
4/22/02,0.715
4/19/02,0.708
4/18/02,0.71
4/17/02,0.695
4/16/02,0.695
4/15/02,0.695
4/12/02,0.68
4/11/02,0.72
4/10/02,0.735
4/9/02,0.74
4/8/02,0.76
4/5/02,0.76
4/4/02,0.755
4/3/02,0.755
4/2/02,0.773
4/1/02,0.765
3/28/02,0.755
3/27/02,0.755
3/26/02,0.75
3/25/02,0.765
3/22/02,0.765
3/21/02,0.775
3/20/02,0.775
3/19/02,0.763
3/18/02,0.765
3/15/02,0.635
3/14/02,0.745
3/13/02,0.935
3/12/02,0.715
3/11/02,0.715
3/8/02,0.715
3/7/02,0.725
3/6/02,0.685
3/5/02,0.695
3/4/02,0.685
3/1/02,0.665
2/28/02,0.665
2/27/02,0.65
2/26/02,0.64
2/25/02,0.62
2/22/02,0.62
2/21/02,0.625
2/20/02,0.625
2/19/02,0.633
2/15/02,0.615
2/14/02,0.615
2/13/02,0.608
2/12/02,0.62
2/11/02,0.62
2/8/02,0.595
2/7/02,0.59
2/6/02,0.59
2/5/02,0.595
2/4/02,0.593
2/1/02,0.595
1/31/02,0.59
1/30/02,0.56
1/29/02,0.58
1/28/02,0.58
1/25/02,0.58
1/24/02,0.61
1/23/02,0.57
1/22/02,0.57
1/18/02,0.53
1/17/02,0.52
1/16/02,0.52
1/15/02,0.513
1/14/02,0.533
1/11/02,0.55
1/10/02,0.555
1/9/02,0.545
1/8/02,0.56
1/7/02,0.58
1/4/02,0.61
1/3/02,0.6
1/2/02,0.64
12/31/01,0.633
12/28/01,0.628
12/27/01,0.64
12/26/01,0.645
12/21/01,0.615
12/20/01,0.61
12/19/01,0.63
12/18/01,0.6
12/17/01,0.57
12/14/01,0.55
12/13/01,0.535
12/12/01,0.505
12/11/01,0.505
12/10/01,0.49
12/7/01,0.5
12/6/01,0.505
12/5/01,0.525
12/4/01,0.525
12/3/01,0.53
11/30/01,0.54
11/29/01,0.55
11/28/01,0.56
11/27/01,0.575
11/26/01,0.575
11/21/01,0.58
11/20/01,0.59
11/19/01,0.59
11/16/01,0.595
11/15/01,0.615
11/14/01,0.64
11/13/01,0.685
11/12/01,0.65
11/9/01,0.68
11/8/01,0.68
11/7/01,0.665
11/6/01,0.675
11/5/01,0.68
11/2/01,0.68
11/1/01,0.695
10/31/01,0.7
10/30/01,0.71
10/29/01,0.71
10/26/01,0.71
10/25/01,0.723
10/24/01,0.735
10/23/01,0.72
10/22/01,0.72
10/19/01,0.72
10/18/01,0.705
10/17/01,0.705
10/16/01,0.715
10/15/01,0.735
10/12/01,0.735
10/11/01,0.75
10/10/01,0.75
10/9/01,0.74
10/8/01,0.74
10/5/01,0.74
10/4/01,0.72
10/3/01,0.725
10/2/01,0.74
10/1/01,0.75
9/28/01,0.75
9/27/01,0.73
9/26/01,0.71
9/25/01,0.71
9/24/01,0.74
9/21/01,0.81
9/20/01,0.85
9/19/01,0.89
9/18/01,0.89
9/17/01,0.915
9/14/01,0.955
9/13/01,0.955
9/12/01,0.955
9/11/01,1.01
9/10/01,1.01
9/7/01,1.03
9/6/01,1.035
9/5/01,1.015
9/4/01,1.01
8/31/01,0.995
8/30/01,0.99
8/29/01,0.953
8/28/01,0.955
8/27/01,0.94
8/24/01,0.915
8/23/01,0.9
8/22/01,0.895
8/21/01,0.89
8/20/01,0.875
8/17/01,0.868
8/16/01,0.89
8/15/01,0.838
8/14/01,0.82
8/13/01,0.82
8/10/01,0.81
8/9/01,0.79
8/8/01,0.745
8/7/01,0.755
8/6/01,0.755
8/3/01,0.758
8/2/01,0.758
8/1/01,0.74
7/31/01,0.755
7/30/01,0.748
7/27/01,0.755
7/26/01,0.75
7/25/01,0.745
7/24/01,0.75
7/23/01,0.765
7/20/01,0.765
7/19/01,0.745
7/18/01,0.755
7/17/01,0.775
7/16/01,0.77
7/13/01,0.78
7/12/01,0.79
7/11/01,0.795
7/10/01,0.815
7/9/01,0.845
7/6/01,0.845
7/5/01,0.855
7/3/01,0.878
7/2/01,0.878
6/29/01,0.88
6/28/01,0.87
6/27/01,0.87
6/26/01,0.875
6/25/01,0.88
6/22/01,0.95
6/21/01,0.95
6/20/01,0.95
6/19/01,0.97
6/18/01,0.97
6/15/01,0.973
6/14/01,0.94
6/13/01,0.9
6/12/01,0.895
6/11/01,0.875
6/8/01,0.875
6/7/01,0.875
6/6/01,0.875
6/5/01,0.875
6/4/01,0.883
6/1/01,0.905
5/31/01,0.915
5/30/01,0.925
5/29/01,0.925
5/25/01,0.915
5/24/01,0.928
5/23/01,0.928
5/22/01,0.915
5/21/01,0.905
5/18/01,0.89
5/17/01,0.86
5/16/01,0.86
5/15/01,0.865
5/14/01,0.885
5/11/01,0.885
5/10/01,0.87
5/9/01,0.87
5/8/01,0.86
5/7/01,0.855
5/4/01,0.86
5/3/01,0.875
5/2/01,0.855
5/1/01,0.905
4/30/01,0.905
4/27/01,0.895
4/26/01,0.905
4/25/01,0.905
4/24/01,0.905
4/23/01,0.875
4/20/01,0.855
4/19/01,0.865
4/18/01,0.875
4/17/01,0.845
4/16/01,0.875
4/12/01,0.87
4/11/01,0.87
4/10/01,0.91
4/9/01,0.885
4/6/01,0.885
4/5/01,0.875
4/4/01,0.875
4/3/01,0.86
4/2/01,0.85
3/30/01,0.875
3/29/01,0.885
3/28/01,0.87
3/27/01,0.895
3/26/01,0.89
3/23/01,0.875
3/22/01,0.865
3/21/01,0.85
3/20/01,0.83
3/19/01,0.83
3/16/01,0.85
3/15/01,0.85
3/14/01,0.845
3/13/01,0.865
3/12/01,0.865
3/9/01,0.87
3/8/01,0.88
3/7/01,0.88
3/6/01,0.885
3/5/01,0.89
3/2/01,0.89
3/1/01,0.868
2/28/01,0.885
2/27/01,0.89
2/26/01,0.91
2/23/01,0.875
2/22/01,0.87
2/21/01,0.86
2/20/01,0.87
2/16/01,0.89
2/15/01,0.89
2/14/01,0.92
2/13/01,0.915
2/12/01,0.935
2/9/01,0.925
2/8/01,0.92
2/7/01,0.905
2/6/01,0.92
2/5/01,0.92
2/2/01,0.92
2/1/01,0.905
1/31/01,0.875
1/30/01,0.895
1/29/01,0.91
1/26/01,0.925
1/25/01,0.925
1/24/01,0.885
1/23/01,0.9
1/22/01,0.93
1/19/01,0.925
1/18/01,0.875
1/17/01,0.86
1/16/01,0.84
1/12/01,0.82
1/11/01,0.815
1/10/01,0.83
1/9/01,0.865
1/8/01,0.92
1/5/01,0.955
1/4/01,0.955
1/3/01,0.955
1/2/01,0.99
12/29/00,0.99
12/28/00,0.99
12/27/00,1.01
12/26/00,1.015
12/22/00,1
12/21/00,0.98
12/20/00,0.98
12/19/00,1.02
12/18/00,1.07
12/15/00,1.065
12/14/00,1.045
12/13/00,1.07
12/12/00,1.055
12/11/00,1.075
12/8/00,1.105
12/7/00,1.105
12/6/00,1.1
12/5/00,1.14
12/4/00,1.17
12/1/00,1.165
11/30/00,1.19
11/29/00,1.2
11/28/00,1.21
11/27/00,1.19
11/24/00,1.2
11/22/00,1.2
11/21/00,1.21
11/20/00,1.21
11/17/00,1.23
11/16/00,1.22
11/15/00,1.24
11/14/00,1.215
11/13/00,1.22
11/10/00,1.22
11/9/00,1.19
11/8/00,1.21
11/7/00,1.175
11/6/00,1.175
11/3/00,1.175
11/2/00,1.2
11/1/00,1.2
10/31/00,1.2
10/30/00,1.22
10/27/00,1.21
10/26/00,1.21
10/25/00,1.21
10/24/00,1.19
10/23/00,1.158
10/20/00,1.163
10/19/00,1.155
10/18/00,1.155
10/17/00,1.16
10/16/00,1.16
10/13/00,1.17
10/12/00,1.19
10/11/00,1.173
10/10/00,1.19
10/9/00,1.135
10/6/00,1.118
10/5/00,1.12
10/4/00,1.135
10/3/00,1.145
10/2/00,1.158
9/29/00,1.125
9/28/00,1.138
9/27/00,1.165
9/26/00,1.165
9/25/00,1.165
9/22/00,1.2
9/21/00,1.2
9/20/00,1.21
9/19/00,1.17
9/18/00,1.193
9/15/00,1.17
9/14/00,1.165
9/13/00,1.185
9/12/00,1.21
9/11/00,1.235
9/8/00,1.24
9/7/00,1.26
9/6/00,1.28
9/5/00,1.26
9/1/00,1.255
8/31/00,1.258
8/30/00,1.255
8/29/00,1.26
8/28/00,1.235
8/25/00,1.235
8/24/00,1.2
8/23/00,1.14
8/22/00,1.075
8/21/00,1.075
8/18/00,1.035
8/17/00,1.03
8/16/00,1.01
8/15/00,1.005
8/14/00,1.005
8/11/00,0.98
8/10/00,0.985
8/9/00,0.965
8/8/00,0.953
8/7/00,0.933
8/4/00,0.945
8/3/00,0.925
8/2/00,0.94
8/1/00,0.915
7/31/00,0.905
7/28/00,0.905
7/27/00,0.885
7/26/00,0.87
7/25/00,0.87
7/24/00,0.875
7/21/00,0.885
7/20/00,0.89
7/19/00,0.9
7/18/00,0.89
7/17/00,0.89
7/14/00,0.885
7/13/00,0.875
7/12/00,0.885
7/11/00,0.885
7/10/00,0.89
7/7/00,0.89
7/6/00,0.925
7/5/00,0.945
7/3/00,0.948
6/30/00,0.948
6/29/00,0.915
6/28/00,0.9
6/27/00,0.9
6/26/00,0.885
6/23/00,0.865
6/22/00,0.855
6/21/00,0.845
6/20/00,0.835
6/19/00,0.825
6/16/00,0.82
6/15/00,0.815
6/14/00,0.815
6/13/00,0.81
6/12/00,0.81
6/9/00,0.8
6/8/00,0.8
6/7/00,0.81
6/6/00,0.795
6/5/00,0.8
6/2/00,0.815
6/1/00,0.805
5/31/00,0.795
5/30/00,0.795
5/26/00,0.785
5/25/00,0.795
5/24/00,0.8
5/23/00,0.79
5/22/00,0.79
5/19/00,0.8
5/18/00,0.8
5/17/00,0.795
5/16/00,0.815
5/15/00,0.8
5/12/00,0.815
5/11/00,0.815
5/10/00,0.803
5/9/00,0.815
5/8/00,0.81
5/5/00,0.798
5/4/00,0.795
5/3/00,0.815
5/2/00,0.828
5/1/00,0.805
4/28/00,0.815
4/27/00,0.825
4/26/00,0.825
4/25/00,0.835
4/24/00,0.85
4/20/00,0.835
4/19/00,0.835
4/18/00,0.82
4/17/00,0.805
4/14/00,0.79
4/13/00,0.805
4/12/00,0.79
4/11/00,0.803
4/10/00,0.808
4/7/00,0.805
4/6/00,0.8
4/5/00,0.785
4/4/00,0.81
4/3/00,0.845
3/31/00,0.85
3/30/00,0.87
3/29/00,0.895
3/28/00,0.94
3/27/00,0.955
3/24/00,0.96
3/23/00,0.93
3/22/00,0.91
3/21/00,0.94
3/20/00,0.96
3/17/00,0.97
3/16/00,0.96
3/15/00,1
3/14/00,1.005
3/13/00,1.02
3/10/00,1.01
3/9/00,0.98
3/8/00,0.97
3/7/00,1
3/6/00,0.96
3/3/00,0.953
3/2/00,0.953
3/1/00,0.96
2/29/00,0.945
2/28/00,0.94
2/25/00,0.925
2/24/00,0.89
2/23/00,0.895
2/22/00,0.893
2/18/00,0.885
2/17/00,0.878
2/16/00,0.89
2/15/00,0.885
2/14/00,0.885
2/11/00,0.885
2/10/00,0.88
2/9/00,0.88
2/8/00,0.87
2/7/00,0.875
2/4/00,0.885
2/3/00,0.86
2/2/00,0.863
2/1/00,0.838
1/31/00,0.845
1/28/00,0.845
1/27/00,0.865
1/26/00,0.875
1/25/00,0.9
1/24/00,0.915
1/21/00,0.94
1/20/00,0.93
1/19/00,0.87
1/18/00,0.855
1/14/00,0.835
1/13/00,0.845
1/12/00,0.825
1/11/00,0.815
1/10/00,0.795
1/7/00,0.795
1/6/00,0.795
1/5/00,0.818
1/4/00,0.82
12/30/99,0.83
12/29/99,0.825
12/28/99,0.83
12/27/99,0.815
12/23/99,0.8
12/22/99,0.8
12/21/99,0.8
12/20/99,0.795
12/17/99,0.77
12/16/99,0.77
12/15/99,0.735
12/14/99,0.715
12/13/99,0.715
12/10/99,0.695
12/9/99,0.715
12/8/99,0.705
12/7/99,0.72
12/6/99,0.73
12/3/99,0.74
12/2/99,0.745
12/1/99,0.745
11/30/99,0.755
11/29/99,0.775
11/26/99,0.785
11/24/99,0.785
11/23/99,0.77
11/22/99,0.768
11/19/99,0.775
11/18/99,0.775
11/17/99,0.775
11/16/99,0.78
11/15/99,0.805
11/12/99,0.76
11/11/99,0.785
11/10/99,0.825
11/9/99,0.845
11/8/99,0.845
11/5/99,0.875
11/4/99,0.863
11/3/99,0.855
11/2/99,0.84
11/1/99,0.83
10/29/99,0.745
10/28/99,0.745
10/27/99,0.753
10/26/99,0.763
10/25/99,0.72
10/22/99,0.715
10/21/99,0.715
10/20/99,0.705
10/19/99,0.705
10/18/99,0.7
10/15/99,0.705
10/14/99,0.708
10/13/99,0.708
10/12/99,0.695
10/11/99,0.678
10/8/99,0.665
10/7/99,0.673
10/6/99,0.68
10/5/99,0.685
10/4/99,0.698
10/1/99,0.705
9/30/99,0.695
9/29/99,0.72
9/28/99,0.69
9/27/99,0.69
9/24/99,0.695
9/23/99,0.705
9/22/99,0.658
9/21/99,0.655
9/20/99,0.665
9/17/99,0.67
9/16/99,0.675
9/15/99,0.68
9/14/99,0.68
9/13/99,0.685
9/10/99,0.685
9/9/99,0.68
9/8/99,0.675
9/7/99,0.665
9/3/99,0.66
9/2/99,0.67
9/1/99,0.685
8/31/99,0.68
8/30/99,0.68
8/27/99,0.675
8/26/99,0.675
8/25/99,0.675
8/24/99,0.685
8/23/99,0.688
8/20/99,0.7
8/19/99,0.69
8/18/99,0.71
8/17/99,0.72
8/16/99,0.675
8/13/99,0.69
8/12/99,0.69
8/11/99,0.71
8/10/99,0.745
8/9/99,0.755
8/6/99,0.755
8/5/99,0.76
8/4/99,0.768
8/3/99,0.775
8/2/99,0.79
7/30/99,0.785
7/29/99,0.75
7/28/99,0.69
7/27/99,0.665
7/26/99,0.67
7/23/99,0.675
7/22/99,0.68
7/21/99,0.67
7/20/99,0.72
7/19/99,0.735
7/16/99,0.72
7/15/99,0.695
7/14/99,0.69
7/13/99,0.67
7/12/99,0.67
7/9/99,0.67
7/8/99,0.668
7/7/99,0.69
7/6/99,0.675
7/2/99,0.678
7/1/99,0.678
6/30/99,0.67
6/29/99,0.67
6/28/99,0.658
6/25/99,0.65
6/24/99,0.645
6/23/99,0.625
6/22/99,0.635
6/21/99,0.61
6/18/99,0.69
6/17/99,0.705
6/16/99,0.71
6/15/99,0.715
6/14/99,0.74
6/11/99,0.73
6/10/99,0.72
6/9/99,0.72
6/8/99,0.705
6/7/99,0.695
6/4/99,0.66
6/3/99,0.645
6/2/99,0.645
6/1/99,0.603
5/28/99,0.59
5/27/99,0.585
5/26/99,0.575
5/25/99,0.53
5/24/99,0.533
5/21/99,0.53
5/20/99,0.51
5/19/99,0.525
5/18/99,0.525
5/17/99,0.525
5/14/99,0.525
5/13/99,0.533
5/12/99,0.525
5/11/99,0.533
5/10/99,0.533
5/7/99,0.525
5/6/99,0.543
5/5/99,0.555
5/4/99,0.558
5/3/99,0.558
4/30/99,0.555
4/29/99,0.555
4/28/99,0.545
4/27/99,0.54
4/26/99,0.56
4/23/99,0.568
4/22/99,0.568
4/21/99,0.533
4/20/99,0.53
4/19/99,0.535
4/16/99,0.535
4/15/99,0.545
4/14/99,0.535
4/13/99,0.58
4/12/99,0.63
4/9/99,0.64
4/8/99,0.63
4/7/99,0.685
4/6/99,0.68
4/5/99,0.695
4/1/99,0.71
3/31/99,0.705
3/30/99,0.705
3/29/99,0.7
3/26/99,0.71
3/25/99,0.665
3/24/99,0.645
3/23/99,0.65
3/22/99,0.645
3/19/99,0.64
3/18/99,0.585
3/17/99,0.565
3/16/99,0.57
3/15/99,0.585
3/12/99,0.595
3/11/99,0.6
3/10/99,0.62
3/9/99,0.62
3/8/99,0.605
3/5/99,0.52
3/4/99,0.503
3/3/99,0.485
3/2/99,0.48
3/1/99,0.426
2/26/99,0.4
2/25/99,0.405
2/24/99,0.405
2/23/99,0.4
2/22/99,0.395
2/19/99,0.385
2/18/99,0.38
2/17/99,0.375
2/16/99,0.375
2/12/99,0.38
2/11/99,0.375
2/10/99,0.375
2/9/99,0.385
2/8/99,0.395
2/5/99,0.395
2/4/99,0.4
2/3/99,0.4
2/2/99,0.4
2/1/99,0.395
1/29/99,0.403
1/28/99,0.403
1/27/99,0.403
1/26/99,0.4
1/25/99,0.405
1/22/99,0.41
1/21/99,0.415
1/20/99,0.415
1/19/99,0.425
1/15/99,0.44
1/14/99,0.44
1/13/99,0.438
1/12/99,0.44
1/11/99,0.435
1/8/99,0.428
1/7/99,0.42
1/6/99,0.405
1/5/99,0.395
1/4/99,0.4
12/31/98,0.395
12/30/98,0.395
12/29/98,0.405
12/28/98,0.395
12/24/98,0.395
12/23/98,0.395
12/22/98,0.385
12/21/98,0.385
12/18/98,0.385
12/17/98,0.385
12/16/98,0.395
12/15/98,0.395
12/14/98,0.395
12/11/98,0.395
12/10/98,0.385
12/9/98,0.385
12/8/98,0.385
12/7/98,0.375
12/4/98,0.375
12/3/98,0.395
12/2/98,0.39
12/1/98,0.405
11/30/98,0.405
11/25/98,0.435
11/24/98,0.44
11/23/98,0.44
11/20/98,0.45
11/19/98,0.45
11/18/98,0.44
11/17/98,0.453
11/16/98,0.455
11/13/98,0.46
11/12/98,0.475
11/11/98,0.47
11/10/98,0.475
11/9/98,0.475
11/6/98,0.485
11/5/98,0.485
11/4/98,0.515
11/3/98,0.515
11/2/98,0.535
10/30/98,0.53
10/29/98,0.525
10/28/98,0.495
10/27/98,0.495
10/26/98,0.493
10/23/98,0.475
10/22/98,0.475
10/21/98,0.48
10/20/98,0.473
10/19/98,0.475
10/16/98,0.475
10/15/98,0.465
10/14/98,0.465
10/13/98,0.465
10/12/98,0.465
10/9/98,0.465
10/8/98,0.465
10/7/98,0.463
10/6/98,0.465
10/5/98,0.465
10/2/98,0.465
10/1/98,0.475
9/30/98,0.485
9/29/98,0.485
9/28/98,0.485
9/25/98,0.485
9/24/98,0.485
9/23/98,0.485
9/22/98,0.49
9/21/98,0.485
9/18/98,0.49
9/17/98,0.485
9/16/98,0.485
9/15/98,0.495
9/14/98,0.505
9/11/98,0.505
9/10/98,0.495
9/9/98,0.475
9/8/98,0.47
9/4/98,0.47
9/3/98,0.46
9/2/98,0.455
9/1/98,0.455
8/31/98,0.448
8/28/98,0.455
8/27/98,0.455
8/26/98,0.465
8/25/98,0.46
8/24/98,0.45
8/21/98,0.453
8/20/98,0.45
8/19/98,0.45
8/18/98,0.45
8/17/98,0.455
8/14/98,0.455
8/13/98,0.465
8/12/98,0.465
8/11/98,0.465
8/10/98,0.475
8/7/98,0.48
8/6/98,0.48
8/5/98,0.48
8/4/98,0.478
8/3/98,0.48
7/31/98,0.478
7/30/98,0.48
7/29/98,0.473
7/28/98,0.473
7/27/98,0.475
7/24/98,0.475
7/23/98,0.47
7/22/98,0.47
7/21/98,0.47
7/20/98,0.465
7/17/98,0.465
7/16/98,0.465
7/15/98,0.465
7/14/98,0.465
7/13/98,0.465
7/10/98,0.47
7/9/98,0.465
7/8/98,0.475
7/7/98,0.475
7/6/98,0.47
7/2/98,0.47
7/1/98,0.47
6/30/98,0.47
6/29/98,0.47
6/26/98,0.47
6/25/98,0.47
6/24/98,0.475
6/23/98,0.474
6/22/98,0.473
6/19/98,0.47
6/18/98,0.47
6/17/98,0.475
6/16/98,0.48
6/15/98,0.475
6/12/98,0.47
6/11/98,0.47
6/10/98,0.47
6/9/98,0.475
6/8/98,0.47
6/5/98,0.475
6/4/98,0.465
6/3/98,0.455
6/2/98,0.45
6/1/98,0.458
5/29/98,0.465
5/28/98,0.465
5/27/98,0.47
5/26/98,0.475
5/22/98,0.485
5/21/98,0.485
5/20/98,0.485
5/19/98,0.485
5/18/98,0.495
5/15/98,0.52
5/14/98,0.52
5/13/98,0.52
5/12/98,0.525
5/11/98,0.535
5/8/98,0.545
5/7/98,0.545
5/6/98,0.565
5/5/98,0.575
5/4/98,0.6
5/1/98,0.6
4/30/98,0.605
4/29/98,0.61
4/28/98,0.605
4/27/98,0.57
4/24/98,0.555
4/23/98,0.545
4/22/98,0.56
4/21/98,0.55
4/20/98,0.545
4/17/98,0.545
4/16/98,0.538
4/15/98,0.525
4/14/98,0.523
4/13/98,0.52
4/9/98,0.523
4/8/98,0.535
4/7/98,0.535
4/6/98,0.535
4/3/98,0.545
4/2/98,0.56
4/1/98,0.568
3/31/98,0.57
3/30/98,0.578
3/27/98,0.585
3/26/98,0.59
3/25/98,0.57
3/24/98,0.558
3/23/98,0.535
3/20/98,0.465
3/19/98,0.475
3/18/98,0.408
3/17/98,0.408
3/16/98,0.408
3/13/98,0.445
3/12/98,0.435
3/11/98,0.43
3/10/98,0.445
3/9/98,0.425
3/6/98,0.435
3/5/98,0.443
3/4/98,0.423
3/3/98,0.448
3/2/98,0.455
2/27/98,0.455
2/26/98,0.47
2/25/98,0.475
2/24/98,0.475
2/23/98,0.485
2/20/98,0.485
2/19/98,0.485
2/18/98,0.49
2/17/98,0.495
2/13/98,0.495
2/12/98,0.495
2/11/98,0.5
2/10/98,0.503
2/9/98,0.515
2/6/98,0.515
2/5/98,0.515
2/4/98,0.525
2/3/98,0.53
2/2/98,0.54
1/30/98,0.555
1/29/98,0.565
1/28/98,0.535
1/27/98,0.53
1/26/98,0.525
1/23/98,0.54
1/22/98,0.535
1/21/98,0.555
1/20/98,0.555
1/16/98,0.563
1/15/98,0.57
1/14/98,0.565
1/13/98,0.575
1/12/98,0.58
1/9/98,0.58
1/8/98,0.585
1/7/98,0.585
1/6/98,0.6
1/5/98,0.595
1/2/98,0.62
12/31/97,0.62
12/30/97,0.613
12/29/97,0.595
12/26/97,0.605
12/24/97,0.605
12/23/97,0.6
12/22/97,0.6
12/19/97,0.605
12/18/97,0.6
12/17/97,0.585
12/16/97,0.59
12/15/97,0.588
12/12/97,0.585
12/11/97,0.58
12/10/97,0.605
12/9/97,0.625
12/8/97,0.615
12/5/97,0.6
12/4/97,0.605
12/3/97,0.605
12/2/97,0.595
12/1/97,0.595
11/26/97,0.615
11/25/97,0.62
11/24/97,0.625
11/21/97,0.63
11/20/97,0.67
11/19/97,0.685
11/18/97,0.695
11/17/97,0.695
11/14/97,0.7
11/13/97,0.715
11/12/97,0.72
11/11/97,0.735
11/10/97,0.74
11/7/97,0.755
11/6/97,0.755
11/5/97,0.76
11/4/97,0.765
11/3/97,0.77
10/31/97,0.765
10/30/97,0.74
10/29/97,0.75
10/28/97,0.738
10/27/97,0.715
10/24/97,0.708
10/23/97,0.7
10/22/97,0.7
10/21/97,0.69
10/20/97,0.69
10/17/97,0.688
10/16/97,0.675
10/15/97,0.665
10/14/97,0.65
10/13/97,0.658
10/10/97,0.655
10/9/97,0.655
10/8/97,0.655
10/7/97,0.655
10/6/97,0.645
10/3/97,0.655
10/2/97,0.65
10/1/97,0.645
9/30/97,0.653
9/29/97,0.653
9/26/97,0.65
9/25/97,0.65
9/24/97,0.643
9/23/97,0.645
9/22/97,0.645
9/19/97,0.625
9/18/97,0.63
9/17/97,0.635
9/16/97,0.64
9/15/97,0.635
9/12/97,0.638
9/11/97,0.625
9/10/97,0.635
9/9/97,0.643
9/8/97,0.643
9/5/97,0.66
9/4/97,0.66
9/3/97,0.66
9/2/97,0.685
8/29/97,0.68
8/28/97,0.685
8/27/97,0.663
8/26/97,0.665
8/25/97,0.675
8/22/97,0.685
8/21/97,0.685
8/20/97,0.715
8/19/97,0.71
8/18/97,0.705
8/15/97,0.69
8/14/97,0.685
8/13/97,0.68
8/12/97,0.67
8/11/97,0.67
8/8/97,0.665
8/7/97,0.68
8/6/97,0.68
8/5/97,0.675
8/4/97,0.655
8/1/97,0.65
7/31/97,0.635
7/30/97,0.635
7/29/97,0.595
7/28/97,0.585
7/25/97,0.568
7/24/97,0.563
7/23/97,0.558
7/22/97,0.56
7/21/97,0.565
7/18/97,0.56
7/17/97,0.565
7/16/97,0.565
7/15/97,0.565
7/14/97,0.555
7/11/97,0.555
7/10/97,0.545
7/9/97,0.545
7/8/97,0.558
7/7/97,0.558
7/3/97,0.57
7/2/97,0.57
7/1/97,0.579
6/30/97,0.575
6/27/97,0.575
6/26/97,0.575
6/25/97,0.585
6/24/97,0.578
6/23/97,0.58
6/20/97,0.575
6/19/97,0.575
6/18/97,0.575
6/17/97,0.585
6/16/97,0.58
6/13/97,0.58
6/12/97,0.57
6/11/97,0.57
6/10/97,0.58
6/9/97,0.58
6/6/97,0.605
6/5/97,0.605
6/4/97,0.635
6/3/97,0.635
6/2/97,0.645
5/30/97,0.645
5/29/97,0.65
5/28/97,0.645
5/27/97,0.648
5/23/97,0.655
5/22/97,0.65
5/21/97,0.63
5/20/97,0.63
5/19/97,0.613
5/16/97,0.63
5/15/97,0.61
5/14/97,0.605
5/13/97,0.615
5/12/97,0.625
5/9/97,0.61
5/8/97,0.605
5/7/97,0.595
5/6/97,0.595
5/5/97,0.6
5/2/97,0.6
5/1/97,0.635
4/30/97,0.635
4/29/97,0.655
4/28/97,0.68
4/25/97,0.705
4/24/97,0.705
4/23/97,0.71
4/22/97,0.715
4/21/97,0.718
4/18/97,0.733
4/17/97,0.72
4/16/97,0.725
4/15/97,0.75
4/14/97,0.75
4/11/97,0.745
4/10/97,0.765
4/9/97,0.765
4/8/97,0.755
4/7/97,0.755
4/4/97,0.765
4/3/97,0.775
4/2/97,0.775
4/1/97,0.78
3/31/97,0.79
3/27/97,0.785
3/26/97,0.77
3/25/97,0.77
3/24/97,0.77
3/21/97,0.765
3/20/97,0.76
3/19/97,0.765
3/18/97,0.755
3/17/97,0.755
3/14/97,0.755
3/13/97,0.755
3/12/97,0.738
3/11/97,0.73
3/10/97,0.73
3/7/97,0.733
3/6/97,0.735
3/5/97,0.725
3/4/97,0.73
3/3/97,0.71
2/28/97,0.73
2/27/97,0.73
2/26/97,0.715
2/25/97,0.715
2/24/97,0.733
2/21/97,0.743
2/20/97,0.775
2/19/97,0.775
2/18/97,0.79
2/14/97,0.795
2/13/97,0.795
2/12/97,0.805
2/11/97,0.805
2/10/97,0.825
2/7/97,0.835
2/6/97,0.843
2/5/97,0.86
2/4/97,0.86
2/3/97,0.86
1/31/97,0.873
1/30/97,0.885
1/29/97,0.845
1/28/97,0.833
1/27/97,0.798
1/24/97,0.775
1/23/97,0.77
1/22/97,0.74
1/21/97,0.74
1/20/97,0.745
1/17/97,0.748
1/16/97,0.748
1/15/97,0.733
1/14/97,0.74
1/13/97,0.743
1/10/97,0.748
1/9/97,0.755
1/8/97,0.755
1/7/97,0.76
1/6/97,0.758
1/3/97,0.755
1/2/97,0.755
12/31/96,0.748
12/30/96,0.748
12/27/96,0.74
12/26/96,0.735
12/24/96,0.735
12/23/96,0.735
12/20/96,0.745
12/19/96,0.745
12/18/96,0.735
12/17/96,0.733
12/16/96,0.73
12/13/96,0.71
12/12/96,0.71
12/11/96,0.725
12/10/96,0.71
12/9/96,0.735
12/6/96,0.745
12/5/96,0.745
12/4/96,0.745
12/3/96,0.745
12/2/96,0.735
11/29/96,0.735
11/27/96,0.735
11/26/96,0.733
11/25/96,0.733
11/22/96,0.715
11/21/96,0.715
11/20/96,0.705
11/19/96,0.715
11/18/96,0.725
11/15/96,0.725
11/14/96,0.735
11/13/96,0.745
11/12/96,0.738
11/11/96,0.748
11/8/96,0.745
11/7/96,0.765
11/6/96,0.765
11/5/96,0.775
11/4/96,0.78
11/1/96,0.79
10/31/96,0.79
10/30/96,0.803
10/29/96,0.825
10/28/96,0.825
10/25/96,0.825
10/24/96,0.808
10/23/96,0.805
10/22/96,0.805
10/21/96,0.78
10/18/96,0.78
10/17/96,0.785
10/16/96,0.835
10/15/96,0.835
10/14/96,0.835
10/11/96,0.835
10/10/96,0.835
10/9/96,0.853
10/8/96,0.843
10/7/96,0.825
10/4/96,0.825
10/3/96,0.825
10/2/96,0.805
10/1/96,0.81
9/30/96,0.775
9/27/96,0.785
9/26/96,0.785
9/25/96,0.765
9/24/96,0.745
9/23/96,0.745
9/20/96,0.743
9/19/96,0.765
9/18/96,0.765
9/17/96,0.775
9/16/96,0.78
9/13/96,0.79
9/12/96,0.785
9/11/96,0.785
9/10/96,0.783
9/9/96,0.765
9/6/96,0.765
9/5/96,0.763
9/4/96,0.765
9/3/96,0.74
8/30/96,0.73
8/29/96,0.715
8/28/96,0.715
8/27/96,0.715
8/26/96,0.715
8/23/96,0.715
8/22/96,0.723
8/21/96,0.713
8/20/96,0.7
8/19/96,0.7
8/16/96,0.7
8/15/96,0.698
8/14/96,0.695
8/13/96,0.71
8/12/96,0.705
8/9/96,0.695
8/8/96,0.695
8/7/96,0.695
8/6/96,0.693
8/5/96,0.693
8/2/96,0.695
7/31/96,0.666
7/30/96,0.67
7/29/96,0.658
7/26/96,0.655
7/25/96,0.67
7/24/96,0.665
7/23/96,0.653
7/22/96,0.64
7/19/96,0.645
7/18/96,0.665
7/17/96,0.665
7/16/96,0.69
7/15/96,0.705
7/12/96,0.715
7/11/96,0.73
7/10/96,0.73
7/9/96,0.74
7/8/96,0.735
7/5/96,0.74
7/3/96,0.74
7/2/96,0.725
7/1/96,0.725
6/28/96,0.73
6/27/96,0.728
6/26/96,0.73
6/25/96,0.73
6/24/96,0.71
6/21/96,0.705
6/20/96,0.665
6/19/96,0.66
6/18/96,0.685
6/17/96,0.675
6/14/96,0.715
6/13/96,0.735
6/12/96,0.735
6/11/96,0.778
6/10/96,0.785
6/7/96,0.795
6/6/96,0.825
6/5/96,0.83
6/4/96,0.845
6/3/96,0.845
5/31/96,0.845
5/30/96,0.833
5/29/96,0.853
5/28/96,0.83
5/24/96,0.83
5/23/96,0.875
5/22/96,0.815
5/21/96,0.8
5/20/96,0.8
5/17/96,0.785
5/16/96,0.785
5/15/96,0.81
5/14/96,0.845
5/13/96,0.845
5/10/96,0.91
5/9/96,0.93
5/8/96,0.945
5/7/96,0.945
5/6/96,0.97
5/3/96,0.975
5/2/96,0.98
5/1/96,0.945
4/30/96,0.98
4/29/96,0.955
4/26/96,0.955
4/25/96,0.96
4/24/96,0.96
4/23/96,0.955
4/22/96,0.96
4/19/96,0.94
4/18/96,0.93
4/17/96,0.905