Time,ABL101 Freq Readback,ABL101 Frequency,ABL101 Setpoint,ABL101_PWR,ABL121 V,AFM101,AFM121,Air Util,Ambient Temperature,AnRecP Setpoint,Avg Stack Ramp Rate,Avg Stack Temp,C1M1V,C1M23V,C1M45V,C1M67V,C1M8V,C2M1V,C2M23V,C2M45V,C2M67V,C2M8V,C3M1V,C3M23V,C3M45V,C3M67V,C3M8V,C4M1V,C4M23V,C4M45V,C4M67V,C4M8V,C5M1V,C5M23V,C5M45V,C5M67V,C5M8V,C6M1V,C6M23V,C6M45V,C6M67V,C6M8V,C7M1V,C7M23V,C7M45V,C7M67V,C7M8V,C8M1V,C8M23V,C8M45V,C8M67V,C8M8V,DCDC_Power,FBL351 Freq Readback,FBL351 Frequency,FBL351 Power,FCV301 Current,FCV301 Temperature,FCV301_RDBK,FCV301_SP,FFM355,Fuel Util,FUTIL Setpoint,LoadHours,Max Stack Temp,Min Stack Temp,NTC204.1,NTC292.1,NTC321,NTC322,NTC323,NTC351,NTC355,NTC370.1,NTC370.5,NTC385.1,NTC385.5,NTC390.1,NTC390.5,NTC500,NTC501,NTC502,NTC610,NTC611,NTC612,NTC613,NTC614,NTC615,NTC620,NTC621,NTC622,NTC623,NTC624,NTC625,NTC630,NTC631,NTC632,NTC633,NTC634,NTC635,NTC640,NTC641,NTC642,NTC643,NTC644,NTC645,NTC650,NTC651,NTC652,NTC653,NTC654,NTC655,NTC660,NTC661,NTC662,NTC663,NTC664,NTC665,NTC670,NTC671,NTC672,NTC673,NTC674,NTC675,NTC680,NTC681,NTC682,NTC683,NTC684,NTC685,PRT101,PRT359,PRT360,PRT501,PRT502,Seg1 I Setpoint,Seg1 Voltage,Seg1_I,Seg2 I Setpoint,Seg2 Voltage,Seg2_I,Seg3 I Setpoint,Seg3 Voltage,Seg3_I,Seg4 I Setpoint,Seg4 Voltage,Seg4_I,SKE Number,WFM501 Setpoint,WSV502 OpenTime
3/30/17 0:00,13047.9,13048.4,2881.7,497.2,289.7,2872.9,4.4,27,17.4,64.9,0,795.1,26.1,52.2,52.1,52.2,25.8,26.1,52.2,52.2,52.2,25.8,26.1,52.2,52.1,52.1,25.8,26,52,52,52.2,25.8,25.9,52,52.1,52.2,25.9,26,52.2,52.2,52.3,25.9,26.1,52.2,52.1,52.3,25.9,26.1,52.1,52.2,52.2,25.9,39.4,12356.2,12356.4,381.2,94.2,22.5,105.8,105.9,582.2,73.9,80.7,102,825.5,767,747.1,804.4,56.9,55.7,54.7,115.9,112.1,824.4,822,904,893.8,847.2,858.2,5.6,20.3,55.8,819.6,799.5,785.6,795.8,797.2,777.2,821.9,800.6,783.7,797.7,801.4,798.1,813.6,794.9,783.9,800.7,798.3,782.3,805.7,784.4,776.2,792.9,796.6,792.4,799,772.8,773.1,796.6,796.9,795,806.3,788.1,780.8,801.8,799,801.4,820.2,796.2,783.9,796.1,801.9,797.5,814.1,787.1,779.1,794.6,795.6,785.6,0.4,0.9,0.6,32.6,2.5,25.9,415.8,25.5,25.8,415.5,25.4,25.9,415.8,25.5,25.9,415.8,25.5,12151,12.9,0.1
4/6/17 0:00,15441.5,15442.2,3592.6,662.8,0,3543.5,1.5,31,20,62,0,804.7,25.2,50.4,50.3,50.3,24.8,25.2,50.4,50.4,50.4,24.8,25.1,50.3,50.2,50.3,24.8,25.1,50.2,50.1,50.4,24.8,25,50.2,50.2,50.4,24.9,25.1,50.4,50.4,50.6,24.9,25.2,50.5,50.3,50.5,24.9,25.1,50.3,50.4,50.4,24.9,52.8,13499.6,13500.1,464.1,95.7,25.3,136.1,136.1,666.1,86,86,264.1,837.8,777.5,738.5,814.6,27.4,27,31.1,130,125.8,821.6,822.1,900.5,890,864.1,866.1,83.2,21.9,65.7,832.7,810.5,793.1,807.2,807,783.9,837.5,809.2,784.3,801.1,809.1,809,826.6,803.3,783.8,802.1,805.3,790.8,822,797.8,780.5,800.2,807.8,805.1,812.7,780.4,777.7,804.6,808.4,809.7,820.2,799.3,786.4,810.9,811.8,816.3,834.5,808,790.5,806,814.6,812,826.7,795.3,787.1,802.5,804.5,796.1,0.6,1.1,0.7,33.5,1,34,401,34,34,400.4,34,34,401.2,34,34,401.1,34,12151,0,0
4/13/17 0:00,15380.2,15380.8,3579.6,660.2,0,3544.1,1.6,31.1,21.9,62,0,802.2,25.2,50.4,50.3,50.3,24.8,25.2,50.5,50.4,50.4,24.8,25.2,50.4,50.3,50.3,24.8,25,50.2,50.1,50.4,24.8,24.9,50.1,50.2,50.4,24.9,25.1,50.4,50.4,50.6,24.9,25.2,50.5,50.3,50.5,24.9,25.1,50.3,50.4,50.4,24.9,52.8,13166.6,13167.1,434.3,95.6,27.3,136.1,136.1,666.2,86,86,431.5,837.8,772.9,733.3,810.8,29.1,28.6,32.8,123.1,119.8,819,818.3,897.7,885.5,863.5,863.1,7.5,22.9,61.8,828.4,805.6,787.7,804.4,803.1,779.5,837.8,812.4,787.1,802.9,810.2,808.9,824.8,803.9,786.3,806.5,806.9,790.9,816.6,790.4,776,796,802.9,800.8,808.5,775.7,773,800.5,804.2,805.1,816.9,796.9,783.9,808.2,809,812.8,831,804.3,787.6,804.5,812.8,809.9,821.2,788.9,784.8,800.5,801.9,793.7,0.6,1.1,0.6,33.5,0.8,34,401.3,34,34,400.6,34,34,401.1,34,34,401.1,34,12151,0,0
4/20/17 0:00,15399.6,15400.2,3586.1,656.3,0,3518.3,1.5,31,19.5,62,0,802,25.2,50.4,50.3,50.3,24.8,25.2,50.5,50.4,50.4,24.8,25.2,50.3,50.2,50.3,24.8,25,50.1,50.1,50.3,24.8,24.9,50.1,50.2,50.4,24.9,25.1,50.4,50.3,50.5,24.9,25.2,50.4,50.3,50.5,24.9,25.1,50.3,50.3,50.4,24.9,52.8,13189.5,13190,431,95.5,24.7,136.1,136.1,666.2,86,86,598.7,837.8,772.1,740.9,814.2,26.8,26.3,30.6,121.3,117.8,818.9,817.5,897.2,884.6,866,863.1,4.5,20.5,59.2,833.3,810.7,789.8,801.4,804.8,782,837.9,813,786.8,802.5,809.5,808.1,824.2,803.4,785.4,805.8,806.5,791.2,816,789.3,775.7,796.4,803.7,801.2,808,775.3,772.1,801.2,805,805.4,815.5,795,782.6,807,807.6,811.9,833.2,806.1,785.9,800.4,809.4,806.9,825,794.2,778.6,797.2,802.3,792.4,0.6,1.1,0.7,33.6,0.8,34,401.1,34,34,400.3,34,34,400.7,34,34,400.8,34,12151,0,0
4/27/17 0:00,15881,15881.6,3736.7,704.7,0,3548.5,1.6,29.8,26.5,62,0,801.7,25.3,50.4,50.3,50.4,24.8,25.2,50.5,50.4,50.4,24.8,25.2,50.4,50.2,50.3,24.8,25,50.1,50.1,50.4,24.8,24.9,50.1,50.1,50.4,24.9,25.1,50.4,50.3,50.5,24.9,25.2,50.4,50.2,50.5,24.8,25.1,50.3,50.3,50.4,24.8,52.8,13300.9,13301.4,444,96.1,32.2,136.1,136.1,666.2,86,86,765.6,837.8,770.4,741.4,814.7,33.6,33.2,37.4,124.3,121.5,818.5,817.5,897.5,884.8,867,863.8,13.1,27.6,66.2,833.2,810.7,789.6,801,804.3,781.5,837.8,812.5,786.1,802.2,809,807.6,824.2,803.1,785.5,805.4,806.1,790.6,816.2,788.9,775.5,795.9,803.3,800.6,808.6,775.2,770.5,800.7,804.2,804.7,815.5,794.9,782.7,806.8,807.3,811.7,833,805.3,785.3,800.3,809,806.7,824.9,793.4,778.3,797.2,802.3,792.2,0.6,1.1,0.7,33.6,0.8,34,401.4,34,34,400.3,34,34,401,34,34,400.8,34,12151,0,0
5/4/17 0:00,15487.7,15488.3,3613,661.6,0,3456,1.5,30.8,19.5,62,0,802.3,25.2,50.4,50.3,50.3,24.8,25.2,50.4,50.3,50.3,24.8,25.1,50.3,50.2,50.2,24.8,25,50.1,50,50.3,24.8,24.9,50,50.1,50.4,24.9,25,50.3,50.3,50.5,24.9,25.1,50.3,50.2,50.4,24.8,25.1,50.2,50.2,50.3,24.8,52.7,13301.5,13302,429.6,95.5,25.1,136.1,136.1,666.1,86,86,932.5,837.8,770.8,742.4,815,26.8,26.5,30.5,121.9,118.2,818.3,817,896.9,884,867.4,863.1,4.7,20.2,59.4,833.9,811.9,790.9,802.5,805.6,782.8,837.9,813.1,787.1,803.1,810.1,808.6,824.1,803.7,785.9,806.3,807.2,791.5,816,789.6,776.1,796.7,804.2,801.6,808,775.3,770.8,801.5,805.2,805.6,815.2,794.5,782.4,807.1,807.9,812.4,832.9,805.8,786,800.7,809.6,807.2,825.4,795,779.3,797.9,803.1,792.6,0.6,1.1,0.7,33.8,0.8,34,400.8,34,34,399.7,34,34,400.3,34,34,400.2,34,12151,0,0
5/11/17 0:00,15635.4,15636.1,3659,675.9,0,3473.1,1.5,30.4,21.8,62,0,802.2,25.2,50.4,50.3,50.3,24.8,25.2,50.4,50.3,50.4,24.8,25.1,50.3,50.2,50.2,24.8,25,50.1,50,50.3,24.8,24.9,50,50.1,50.4,24.9,25,50.3,50.3,50.5,24.9,25.1,50.3,50.1,50.4,24.8,25.1,50.2,50.2,50.3,24.8,52.7,13283.7,13284.2,409.1,95.7,27.2,136.1,136.1,666.3,86,86,1099,837.9,770.1,742.5,815,29.1,28.7,32.9,122.6,118.9,818.1,816.9,897.3,884.1,868,863.4,8.2,22.6,61.4,834.1,811.8,790.4,802.1,805.4,782.5,837.9,812.8,786.6,802.9,809.9,808.4,824,803.5,785.7,806,807.1,791.3,816.1,789.1,775.8,796.3,804.1,801.4,808.1,775.2,770.1,801.2,804.9,805.2,815.2,794.5,782.6,807,807.8,812.4,832.8,805.5,785.7,800.7,809.5,807,825.2,794.4,779,797.9,803.1,792.2,0.6,1.1,0.7,33.8,0.8,34,400.9,34,34,399.8,34,34,400.3,34,34,400.1,34,12151,0,0
5/18/17 0:00,16193.6,16194.2,3841.8,737.6,0,3592.9,1.6,29,25.6,62.8,0,799,25.3,50.4,50.3,50.4,24.8,25.2,50.5,50.4,50.4,24.8,25.2,50.4,50.2,50.3,24.8,25,50.1,50,50.4,24.8,24.9,50,50.1,50.5,24.9,25.1,50.4,50.4,50.6,24.9,25.2,50.3,50.2,50.5,24.8,25.1,50.2,50.3,50.4,24.8,52.8,13714.7,13715.2,457.4,95.9,31.3,137.9,137.9,698.1,84.9,84.9,1264.9,837.9,765,739.3,814.6,32.6,32.3,36.6,125.6,123,817.1,815.9,901.3,886.8,870.5,866.3,12.5,26.3,65,833.2,808.4,786.1,797.6,801.1,777.8,838,809.6,782.6,799.1,805.9,804.1,823.3,800.2,782.2,801.3,802.5,787.4,816,785.8,772.6,792.4,800.3,796.9,808.8,772.9,764.9,796.8,799.9,800.4,815.4,792.5,781.9,804.6,804.6,808.9,829.9,800.4,782.3,798.9,807,804.1,824.1,788.7,775.9,795.3,800.3,789.2,0.6,1.1,0.7,33.5,0.9,34,401.4,34,34,400.2,34,34,400.9,34,34,400.5,34,12151,0,0
5/25/17 0:00,16336.2,16336.9,3887.6,750.6,0,3605.8,1.6,28.6,23.6,63,0,797.9,25.3,50.4,50.3,50.4,24.8,25.2,50.4,50.3,50.4,24.8,25.2,50.3,50.2,50.3,24.7,25,50,50,50.4,24.7,24.9,49.9,50.1,50.5,24.8,25.1,50.4,50.4,50.6,24.8,25.2,50.3,50.2,50.5,24.8,25.1,50.2,50.3,50.4,24.8,52.8,13883.2,13883.7,473.4,96,29.2,138.6,138.6,708.8,84.5,84.5,1430.7,837.9,763,738.6,814.6,30.8,30.5,34.8,124.7,122.5,816.8,815.4,902.7,887.8,871.3,867.1,10.4,24.4,63.5,833.5,807.2,784.6,796.2,800.1,776.6,838.1,808.4,781.1,797.8,804.6,802.8,823,799.1,781,799.5,801,786.2,816,784.7,771.4,791,799.2,795.7,808.9,771.8,763.1,795.2,798.3,798.9,815.3,791.3,781.5,803.7,803.5,807.6,828.2,798,780.9,798.2,805.9,803.1,823.7,787.2,775,794.7,799.7,788.3,0.6,1.1,0.7,33.7,0.9,34,401.2,34,34,399.8,34,34,400.6,34,34,400.3,34,12151,0,0
6/1/17 0:00,16387.8,16388.5,3904.7,759,0,3580.7,1.6,28.5,24.5,63,0,798.5,25.2,50.4,50.3,50.4,24.8,25.2,50.4,50.3,50.4,24.8,25.1,50.3,50.2,50.3,24.7,25,50,50,50.3,24.7,24.9,49.9,50.1,50.4,24.8,25.1,50.3,50.4,50.6,24.8,25.1,50.3,50.2,50.5,24.8,25.1,50.1,50.3,50.4,24.8,52.8,13873.2,13873.7,472.9,95.9,30.6,138.5,138.5,708.8,84.5,84.5,1596.6,837.9,763.3,732.7,812.6,31.8,31.5,35.9,125.4,123.1,816.9,816,902.8,888,870.9,867.3,11.9,25.4,64.7,830.7,804.8,785.5,800.4,799.4,775.4,837.9,808.3,781.7,798.7,806.1,804,823.3,799.5,781.5,800.3,801.9,786.7,816.3,785.1,771.8,791.3,799.8,796.2,809,772.1,763.4,795.6,798.9,799.6,815.8,792.2,782.3,804.8,804.8,808.9,829,798.9,783.8,802.2,808.1,804.3,821,785.3,779.8,796,797.9,787.5,0.6,1.1,0.7,33.8,0.9,34,401.1,34,34,399.7,34,34,400.6,34,34,400.2,34,12151,0,0
6/8/17 0:00,16718.5,16719.2,4008.2,793.1,0,3611.6,1.6,27.8,29.3,63,0,798.6,25.2,50.4,50.3,50.5,24.8,25.2,50.4,50.3,50.4,24.8,25.1,50.3,50.2,50.2,24.7,25,50,50,50.4,24.7,24.9,49.9,50.1,50.5,24.8,25.1,50.3,50.4,50.5,24.8,25.1,50.3,50.2,50.5,24.8,25,50.1,50.3,50.4,24.8,52.8,13913.8,13914.3,476.3,96.3,35.6,138.5,138.5,708.6,84.5,84.5,1762.5,837.9,763.1,732.9,812.9,36.5,36.2,40.7,127.8,126,817.3,816.6,903.4,888.6,871.6,868.2,18.2,30.3,69.6,831.1,805.1,786,800.6,799.6,775.6,837.9,807.9,781.7,798.7,806.1,804,823.9,799.4,781.7,800.2,802.3,787.2,816.9,785.1,772.2,791.7,800.3,796.8,809.6,772.4,763.3,795.4,798.9,799.6,816.1,791.9,782.8,804.9,804.9,808.9,829,798.1,784,802.5,808.3,804.2,821.3,785.2,779.9,796.3,798.1,787.5,0.6,1.1,0.7,33.9,0.9,34,401.2,34,34,399.6,34,34,400.6,34,34,400.1,34,12151,0,0
6/15/17 0:00,16879.1,16879.7,4056.8,807.5,0,3591.4,1.6,27.4,30.6,63,0,798.5,25.2,50.3,50.3,50.4,24.7,25.2,50.3,50.2,50.3,24.7,25.1,50.2,50.1,50.2,24.7,25,49.9,49.9,50.3,24.7,24.9,49.8,50,50.4,24.8,25,50.3,50.3,50.5,24.8,25.1,50.2,50.1,50.5,24.7,25,50,50.2,50.3,24.7,52.7,13918.2,13918.7,476.9,96.4,36.5,138.5,138.5,708.7,84.5,84.5,1928.4,837.9,762.4,733.7,813.1,37.6,37.3,41.7,127.9,126.1,817.4,816.8,903.1,888.5,871.8,868.3,19,31.3,70.4,831.9,805.6,785.7,799.4,799.5,775.5,837.9,808,781.2,797.9,805.6,803.6,823.9,799.1,781.3,799.7,802,787.1,817.1,785,771.7,791.5,800.3,796.9,809.7,772.2,762.4,795,798.8,799.6,816.2,791.6,782.9,804.9,805,809,828.6,797.8,783.4,801.7,807.8,804.1,821.7,785.4,778.6,796.1,798.6,788,0.6,1.1,0.7,33.7,0.9,34,400.6,34,34,399,34,34,400,34,34,399.5,34,12151,0,0
6/22/17 0:00,16811.8,16812.5,4037.7,802.5,0,3534.1,1.6,27.6,29.3,63,0,798.6,25.2,50.3,50.2,50.4,24.7,25.1,50.3,50.2,50.3,24.7,25.1,50.2,50.1,50.1,24.7,25,49.9,49.9,50.3,24.7,24.8,49.7,50,50.3,24.8,25,50.2,50.3,50.4,24.8,25.1,50.1,50.1,50.4,24.7,25,50,50.2,50.3,24.7,52.6,13908.4,13908.9,477.8,96.1,35.8,138.6,138.6,708.8,84.5,84.5,2093.7,837.9,762.4,734.3,813.4,36.8,36.4,40.7,127.6,125.9,817.4,816.8,902.9,888.3,871.7,868.3,18.3,30.4,69.5,832.1,805.9,785.7,799.3,799.9,775.9,838,808.2,781.5,798.2,806.1,804.1,823.9,799.3,781.5,800,802.4,787.5,817,784.9,771.9,791.6,800.6,797.2,809.6,772.1,762.4,795.2,799,799.8,816.2,791.5,783,805,805.3,809.2,828.3,797.5,783.6,801.7,808.2,804.3,821.8,785.6,778.3,796.3,799.2,788.6,0.6,1.1,0.7,33.7,0.9,34,400.3,34,34,398.6,34,34,399.7,34,34,399.1,34,12151,0,0
6/29/17 0:00,16935.6,16936.3,4076,812.4,0,3522.8,1.6,27.3,31.7,63,0,798.7,25.2,50.3,50.2,50.4,24.7,25.1,50.3,50.2,50.3,24.7,25.1,50.2,50,50.1,24.6,24.9,49.8,49.8,50.2,24.6,24.8,49.7,49.9,50.3,24.8,25,50.2,50.3,50.4,24.8,25.1,50.1,50,50.4,24.7,25,50,50.1,50.2,24.7,52.6,13918.8,13919.2,477.7,96.5,37.9,138.4,138.4,708.6,84.4,84.5,2257.5,837.9,762.3,736.3,814,38.9,38.6,43,128.6,127.1,817.7,817.1,903.2,888.8,872.3,868.9,20.8,32.6,71.4,833.2,806.8,785.6,798.3,800.5,776.6,837.9,808.2,781.4,798.1,805.9,804,824.2,799.2,781.4,799.8,802.5,787.7,817.3,785,772,791.8,800.9,797.4,809.9,772.3,762.3,795.1,799,799.9,816.4,791.3,783.2,804.7,805.1,809.1,828,797.1,783,800.9,807.3,804.1,822.8,786.2,777.1,796.4,800.3,789.6,0.6,1.1,0.7,33.6,1,34,400.1,34,34,398.5,34,34,399.5,34,34,398.8,34,12151,0,0
7/6/17 0:00,16957.1,16957.6,4082.7,814.2,0,3488.7,1.6,27.2,30.4,63,0,798.9,25.2,50.2,50.1,50.3,24.6,25.1,50.2,50.1,50.2,24.6,25.1,50.1,50,50,24.6,24.9,49.8,49.8,50.2,24.6,24.8,49.7,49.9,50.3,24.7,25,50.1,50.2,50.3,24.7,25,50,49.9,50.4,24.7,25,49.9,50,50.2,24.7,52.5,13939.3,13939.6,481.7,96.8,36.8,138.4,138.4,708.6,84.4,84.5,2421.3,837.9,762.5,737.6,814.4,37.8,37.6,41.9,127.7,126.1,818.1,817.5,903.1,889.6,872.4,869.5,19.5,31.7,70.2,833.8,807.2,785.5,797.9,801.1,777.4,837.9,808.4,781.5,798,806,804.3,824.6,799.3,781.3,799.7,802.7,787.9,817.3,784.9,772.2,791.8,801.3,798,810.2,772.5,762.6,795.3,799.2,800,816.5,790.8,783.3,804.7,805.2,809.2,827.4,796.6,782.7,800.6,807.6,804.5,823.3,786.6,776.5,796.8,801.6,794.7,0.6,1.1,0.7,33.7,1.7,34,399.4,34,34,397.8,34,34,398.9,34,34,398.2,34,12151,0,0
7/13/17 0:00,17043.7,17044.4,4109.5,823.2,0,3462.8,1.6,27.1,31.7,63,0,799,25.2,50.2,50.1,50.3,24.6,25.1,50.1,50,50.1,24.6,25,50,49.9,50,24.5,24.9,49.7,49.7,50.1,24.5,24.8,49.6,49.8,50.2,24.7,24.9,50.1,50.2,50.3,24.7,25,49.9,49.9,50.3,24.7,24.9,49.8,50,50.1,24.7,52.5,13947,13947.5,482.4,96.4,38.4,138.5,138.5,708.7,84.5,84.5,2585.2,837.9,762.5,738.3,814.7,39.1,38.8,43.2,128.5,127.1,818.4,817.7,903.3,889.7,872.7,869.6,20.9,32.8,71.6,834.4,807.4,785.3,797.4,801.3,777.8,837.9,808.2,781.5,798,806.3,804.5,824.5,799.4,781.3,799.7,803,788.2,817.4,784.7,772.2,791.9,801.5,798.2,810.4,772.7,762.6,795.5,799.2,800.1,816.6,790.5,783.6,804.8,805.5,809.3,827.2,796.4,782.7,800.4,807.6,804.7,823.5,786.6,775.7,796.8,802.2,795.3,0.6,1.1,0.7,33.5,1.7,34,399.2,34,34,397.4,34,34,398.6,34,34,397.8,34,12151,0,0
7/20/17 0:00,17091,17091.7,4125.9,826.2,0,3416.9,1.6,27,31.5,63,0,799.3,25.2,50.1,50,50.3,24.6,25.1,50.1,50,50.1,24.6,25,50,49.9,49.9,24.5,24.9,49.7,49.6,50.1,24.5,24.8,49.6,49.8,50.2,24.7,24.9,50,50.1,50.3,24.7,25,49.9,49.9,50.3,24.6,24.9,49.8,49.9,50,24.6,52.5,13970.6,13971.1,484.2,96.2,38,138.5,138.5,708.7,84.5,84.5,2749,838,762.7,739.1,815.3,38.7,38.5,42.8,128.2,126.8,818.9,817.8,903.8,890,873.2,870,20.3,32.6,71.2,835.1,807.8,785.4,797.5,802,778.8,838,808.5,781.7,798.2,806.8,805.1,824.6,799.4,781.5,799.9,803.4,788.6,817.6,784.9,772.4,792.3,802,798.3,810.9,772.9,762.8,795.7,799.3,800.2,816.8,790.5,783.7,804.8,805.3,809.2,827.2,796.2,782.8,800.3,807.7,805,824.3,787.3,776,797.5,803.4,796.8,0.6,1.1,0.7,33.5,1.7,34,398.9,34,34,397,34,34,398.2,34,34,397.5,34,12151,0,0
7/27/17 0:00,16940.7,16941.3,4076.3,811.3,0,3366.4,1.6,27.3,29.4,63,0,799.3,25.1,50.1,50,50.2,24.6,25,50.1,50,50,24.6,25,50,49.8,49.9,24.5,24.8,49.6,49.6,50.1,24.5,24.8,49.5,49.8,50.2,24.7,24.9,50,50.1,50.2,24.7,24.9,49.8,49.8,50.3,24.6,24.9,49.7,49.9,50,24.6,52.4,13930.4,13931,481.6,96,35.6,138.5,138.5,708.6,84.5,84.5,2912.8,838,762.5,739.2,815.2,36.7,36.5,40.8,127.4,125.6,818.6,817.5,903.3,889.6,872.8,869.5,17.9,30.4,69.4,835.1,808,785.3,797.4,802.1,778.9,838,808.7,781.8,798.1,807,805.1,824.3,799.4,781.4,799.6,803.5,788.6,817.2,784.6,772.4,792.1,801.9,798.1,810.6,772.7,762.5,795.7,799.4,800.2,816.6,790.5,783.5,804.8,805.5,809.3,826.8,796.2,782.9,800,807.7,805.1,824.2,787.5,775.7,797.7,803.7,797.2,0.6,1.1,0.7,33.5,1.7,34,398.8,34,34,396.8,34,34,398,34,34,397.2,34,12151,0,0
8/3/17 0:00,16849.2,16849.9,4047.9,794.1,0,3330.4,1.6,27.5,28.4,63,0,799.4,25.1,50.1,50,50.2,24.6,25,50,50,50,24.6,25,49.9,49.8,49.8,24.5,24.8,49.6,49.6,50,24.5,24.7,49.5,49.8,50.1,24.7,24.9,49.9,50.1,50.2,24.7,24.9,49.8,49.8,50.2,24.6,24.9,49.7,49.9,49.9,24.6,52.4,13892.7,13893.3,471.7,95.8,34.7,138.6,138.6,708.8,84.5,84.5,3076.7,838,762.4,739.4,815.4,35.8,35.5,39.8,126.8,125,818.8,817.3,903.4,889.6,872.8,869.6,16.8,29.4,68.2,835.1,807.9,785.5,797.6,802.4,779.5,837.9,808.4,781.8,798.5,807.5,805.5,824.3,799.4,781.4,800,803.8,788.8,817.2,784.6,772.4,792.3,802.3,798.3,810.9,772.9,762.5,796,799.5,800.2,816.6,790.2,783.6,804.5,805.2,809.3,827.2,796.1,783.4,800.2,807.8,805.4,824.3,787.6,776,798.4,804.4,798.3,0.6,1.1,0.7,33.5,1.7,34,398.3,34,34,396.4,34,34,397.6,34,34,396.8,34,12151,0,0
8/10/17 0:00,16964.8,16965.3,4085.2,804.8,0,3312.9,1.6,27.2,29.3,63,0,799.5,25.1,50,50,50.2,24.5,25,50,49.9,49.9,24.5,25,49.9,49.8,49.8,24.4,24.8,49.6,49.6,50,24.4,24.7,49.5,49.7,50.1,24.6,24.8,49.9,50,50.2,24.6,24.9,49.7,49.7,50.2,24.6,24.8,49.7,49.8,49.9,24.6,52.3,13900.7,13901.2,473.9,96.1,35.7,138.5,138.5,708.5,84.5,84.5,3240.5,838,762.3,739.5,815.4,36.7,36.4,40.7,127.1,125.4,818.9,817.7,903.3,889.6,872.8,869.7,18.1,30.3,69.4,835.6,808.2,785.4,797.5,802.5,779.8,838,808.7,781.8,798.3,807.6,805.7,824.3,799.4,781.3,799.9,804.1,789,817.3,784.6,772.3,792.1,802.4,798.5,810.9,772.8,762.3,795.8,799.6,800.6,816.8,790.5,784,805,805.7,809.8,827.2,796.5,783.4,800.4,808.1,805.6,824.6,787.7,775.5,798.2,804.8,798.7,0.6,1.1,0.7,33.5,1.7,34,398.1,34,34,396.1,34,34,397.4,34,34,396.5,34,12151,0,0
8/17/17 0:00,17153.8,17154.4,4141.2,823.5,0,3272.5,1.6,26.9,30.9,63,0,800.2,25.1,50,50,50.2,24.5,25,50,49.9,49.9,24.5,24.9,49.9,49.8,49.8,24.4,24.8,49.6,49.6,50,24.4,24.7,49.5,49.7,50.1,24.6,24.9,49.9,50,50.1,24.6,24.9,49.7,49.7,50.2,24.6,24.8,49.7,49.8,49.8,24.6,52.3,13955.8,13956.3,476.8,96.4,37.4,138.5,138.5,708.7,84.5,84.5,3404.3,838,763,740.9,816.3,38.5,38.1,42.5,128.1,126.6,820.1,818.1,904.6,890.6,873.9,870.7,20,32.1,71.4,836.5,808.2,785.8,798.2,803.9,781.8,838.2,808.5,782.5,799.3,808.9,807,825.2,799.8,782,800.8,805,790,817.9,784.8,773.1,792.9,803.4,799.5,812.2,773.8,763.1,796.7,799.9,800.6,817.2,790,784.2,804.7,805.1,809.3,827.7,796,784.5,800.6,808.3,806.1,825.5,788.6,776.6,799.8,806.5,800.5,0.6,1.1,0.7,33.6,1.7,34,397.9,34,34,396.1,34,34,397.4,34,34,396.5,34,12151,0,0
8/24/17 0:00,16685.9,16686.4,3993.3,777.3,0,3170.8,1.6,27.9,26.2,63,0,799.8,25.1,50,49.9,50.1,24.5,24.9,49.9,49.9,49.8,24.5,24.9,49.8,49.7,49.7,24.4,24.8,49.6,49.5,49.9,24.4,24.7,49.4,49.7,50,24.6,24.8,49.8,50,50,24.6,24.9,49.7,49.6,50.1,24.5,24.8,49.6,49.8,49.7,24.5,52.3,13857.9,13858.4,471,95.4,32.6,138.5,138.5,708.7,84.5,84.5,3568.2,838,762.5,740.1,815.5,33.7,33.3,37.6,126.2,124,819,817.3,902.9,889.1,872.5,869.1,14.3,27.2,66.2,835.6,808.2,785.5,797.9,803.2,780.6,838,808.8,782.3,798.9,808.5,806.3,824.1,799.7,781.6,800.3,804.7,789.2,816.8,784.4,772.3,792.3,802.8,798.6,810.7,772.9,762.6,796.2,799.9,800.8,816.5,790,784.1,804.9,805.8,810.1,826.8,796,783.5,800.6,808.4,806.1,824.5,788.1,775.9,799.1,806,800.3,0.6,1.1,0.7,33.6,1.7,34,397.4,34,34,395.6,34,34,396.8,34,34,395.8,34,12151,0,0
8/31/17 0:00,16798.9,16799.4,4028.4,785.7,0,3123.3,1.6,27.6,25.6,63,0,800,25.1,49.9,49.9,50.1,24.5,24.9,49.9,49.8,49.8,24.5,24.9,49.8,49.7,49.7,24.3,24.8,49.5,49.5,49.9,24.3,24.7,49.4,49.7,50,24.6,24.8,49.8,49.9,50,24.6,24.9,49.6,49.6,50.1,24.5,24.8,49.6,49.8,49.7,24.5,52.2,13895.3,13895.8,470.1,95.4,31.9,138.6,138.6,708.8,84.5,84.5,3732,838,762.5,740.4,815.7,33.3,32.8,37.2,125.5,123.4,819.2,817.5,903.4,889.5,872.9,869.6,13.6,26.8,66,836.1,808.2,785.6,798,803.5,781.2,838,808.6,782.4,799.1,808.9,806.7,824.3,799.6,781.7,800.6,805.2,789.5,817.1,784.4,772.5,792.6,803,799,811.1,773,762.5,796.5,800,800.7,816.7,790,784,804.8,805.7,809.9,827.1,796,783.9,800.5,808.4,806.1,825,788.5,775.9,799.4,806.6,800.7,0.6,1.1,0.7,33.6,1.7,34,397.2,34,34,395.3,34,34,396.6,34,34,395.6,34,12151,0,0
9/7/17 0:00,16572.5,16573,3958.3,764,0,3044.7,1.6,28.1,23.6,63,0,800,25,49.9,49.9,50.1,24.5,24.9,49.9,49.8,49.7,24.5,24.9,49.8,49.7,49.6,24.3,24.7,49.5,49.5,49.9,24.3,24.7,49.4,49.7,50,24.5,24.8,49.8,49.9,50,24.5,24.8,49.6,49.8,50,24.5,24.7,49.6,49.8,49.6,24.5,52.2,13835,13835.5,464.1,95.2,30,138.5,138.5,708.7,84.5,84.5,3895.9,838,762.7,740.6,815.6,31.4,31,35.3,125,122.7,819.4,816.9,903,889,872.6,869.1,11.5,24.7,64.1,835.9,808.1,785.9,798.5,804,781.8,837.9,808.7,782.6,799.6,809.9,807.4,824,799.7,781.8,801,805.9,789.8,816.5,783.9,772.8,792.9,803.5,799.4,811.3,773.2,762.7,797.1,800,800.3,816.1,789.4,783.2,803.7,804.6,809.3,826.8,795.4,783.7,800.1,808.1,806,824.9,788.8,776.9,800.8,807.6,801.5,0.6,1.1,0.7,33.7,1.7,34,396.9,34,34,395,34,34,396.3,34,34,395.4,34,12151,0,0
9/14/17 0:00,17029.9,17030.4,4100.1,808.8,0,3085.1,1.6,27.2,28.6,63,0,800.7,25,49.9,49.9,50.1,24.5,24.9,49.9,49.8,49.7,24.5,24.9,49.7,49.7,49.7,24.3,24.8,49.5,49.4,49.9,24.3,24.7,49.4,49.6,50,24.5,24.8,49.8,49.9,50,24.5,24.8,49.6,49.7,50.1,24.6,24.7,49.6,49.7,49.7,24.6,52.2,13909.8,13910.3,475.1,96,34.9,138.6,138.6,709.2,84.4,84.5,4059.7,838.1,763.1,741.4,816.7,36,35.7,40.1,126.5,124.7,820.5,818.1,904.6,890.7,873.9,870.9,17.1,29.8,69.4,837,808.1,786,798.5,804.5,782.8,838.1,808.6,783.1,799.9,810.5,808,825.1,800,782.3,801,806.6,790.6,818,784.7,773.2,793.6,804.2,800.2,812.7,774,763.2,797.3,800.4,801,817.6,790,784.3,804.6,805.1,809.8,828.1,796.1,784.6,800.6,808.4,806.5,826.2,789.4,777,800.6,807.9,802.1,0.6,1.1,0.7,33.5,1.7,34,397,34,34,395.1,34,34,396.4,34,34,395.5,34,12151,0,0
9/21/17 0:00,17116.3,17116.8,4124.6,814.1,0,3063.6,1.6,27,29.8,63,0,801,25,49.9,49.9,50.1,24.5,24.9,49.9,49.8,49.6,24.5,24.9,49.7,49.7,49.6,24.3,24.7,49.5,49.4,49.8,24.3,24.7,49.4,49.6,50,24.5,24.8,49.7,49.9,49.9,24.5,24.8,49.5,49.6,50,24.5,24.7,49.5,49.7,49.6,24.5,52.2,13933.4,13933.9,476.3,96.2,36.3,138.6,138.6,708.9,84.5,84.5,4223.5,838,763.6,741.8,816.8,37.2,36.9,41.3,127.3,125.4,820.9,818.3,904.6,891,874,871.2,19,31.1,70.7,837,808.1,786.3,799,805,783.4,838,808.7,783.4,800.2,811.1,808.7,825.3,800.3,782.7,801.4,807.4,791.1,818.3,785.1,773.9,794.2,804.5,800.8,813,774.5,763.7,797.9,800.7,801.3,817.8,790.3,784.8,804.9,805.5,810.2,828.5,796.4,785.3,801.1,808.9,807,826.4,789.8,777.4,801.1,808.7,802.8,0.6,1.1,0.7,33.6,1.7,34,396.7,34,34,394.9,34,34,396.3,34,34,395,34,12151,0,0
9/28/17 0:00,16471.9,16472.3,3924.2,762,0,2991.6,1.6,28.4,22.6,63,0,800.6,25,49.8,49.8,50,24.4,24.9,49.8,49.7,49.6,24.4,24.8,49.7,49.7,49.6,24.2,24.7,49.4,49.4,49.8,24.2,24.7,49.4,49.6,49.9,24.5,24.7,49.7,49.8,49.9,24.5,24.8,49.4,49.5,50,24.5,24.6,49.5,49.7,49.5,24.5,52.1,13797.5,13798,468.2,94.9,28.9,138.5,138.5,708.8,84.5,84.5,4387.4,837.9,763.2,741.2,815.8,30.1,29.8,34,124.8,122.1,819.8,817,903,889.3,872.5,869.4,9.8,23.8,63.6,836.2,808,786,798.8,804.8,783,837.8,808.8,783.1,800.2,811.2,808.5,824.2,799.9,782.2,800.6,807.2,790.5,816.8,784.2,773.4,793.5,804.2,800.3,811.9,773.8,763.3,797.9,800.6,800.7,816.5,789.4,783.8,803.7,804.4,809.6,827.3,795.7,785.1,800.3,808.5,806.6,825.4,789.6,777.6,801.8,809.2,803,0.6,1.1,0.7,33.5,1.7,34,396.1,34,34,394.4,34,34,395.5,34,34,394.5,34,12151,0,0
10/5/17 0:00,17071.7,17072.2,4111.2,820.9,0,2994,1.6,27.1,28.7,63,0,801.4,25,49.8,49.8,50,24.4,24.9,49.8,49.7,49.6,24.4,24.8,49.7,49.7,49.6,24.2,24.7,49.4,49.4,49.8,24.2,24.7,49.3,49.6,49.9,24.5,24.7,49.6,49.8,49.8,24.5,24.8,49.4,49.5,50,24.5,24.6,49.5,49.7,49.4,24.5,52.1,13912.5,13913,479,96,34.9,138.6,138.6,709,84.5,84.5,4551.2,838,764,742.3,817,36.1,35.8,40.1,126.8,124.9,821.6,818.2,904.9,891,874.3,871.3,16.8,29.7,69.6,837.2,808,786.8,799.6,806,785,837.9,808.5,783.9,800.9,812.3,809.8,825.5,800.4,782.8,801.7,808.5,791.7,818.4,785,774.3,794.7,805.6,801.7,813.8,774.8,763.9,798.6,800.8,800.9,817.7,789.7,784.2,803.5,803.9,809.4,828.8,796,786.4,800.7,808.5,807,827,790.3,778.7,803.2,810.5,804.1,0.6,1.1,0.7,33.6,1.7,34,396.1,34,34,394.3,34,34,395.6,34,34,394.5,34,12151,0,0
10/12/17 0:00,16477.3,16477.9,3924.9,764.5,0,2868.9,1.6,28.4,21.2,63,0,800.9,24.9,49.7,49.8,50,24.4,24.9,49.7,49.7,49.5,24.4,24.8,49.6,49.6,49.5,24.2,24.7,49.3,49.3,49.7,24.2,24.6,49.3,49.5,49.8,24.5,24.7,49.6,49.8,49.8,24.5,24.7,49.4,49.4,49.9,24.5,24.6,49.4,49.6,49.3,24.5,52,13777.3,13777.8,468.8,94.9,27.4,138.5,138.5,708.6,84.5,84.5,4715,838,763.3,741.4,816,28.9,28.6,32.7,123.8,121.1,820.3,817,903.3,889.4,872.9,869.6,8,22.3,62.1,836.7,808.2,786.3,799.2,805.4,783.8,838,808.9,783.4,800.6,812.2,809.3,824.3,800.2,782.2,801.4,808.1,790.8,816.9,784.3,773.5,794,804.7,801,812.4,774,763.4,798.3,800.7,800.9,816.5,789.3,783.5,803.3,803.8,809.5,827.5,795.6,785.6,800.3,808.4,806.9,825.8,790,778.2,802.9,810.3,803.9,0.6,1.1,0.7,33.5,1.7,34,395.4,34,34,393.6,34,34,394.9,34,34,393.8,34,12151,0,0
10/19/17 0:00,16638.6,16639.1,3975.9,775.1,0,2828.9,1.6,28,22.7,63,0,801,24.9,49.7,49.8,50,24.4,24.8,49.7,49.7,49.4,24.4,24.8,49.6,49.6,49.4,24.1,24.7,49.3,49.3,49.7,24.1,24.6,49.3,49.5,49.8,24.4,24.7,49.6,49.8,49.8,24.4,24.7,49.4,49.6,49.9,24.4,24.6,49.4,49.6,49.3,24.4,51.9,13837.6,13838,487.7,95.4,28.7,138.4,138.4,708.3,84.5,84.5,4878.9,838,763.4,741.6,816.1,30.4,30,34.3,124.5,122.3,820.6,817.3,903.4,889.6,872.9,869.7,9.6,23.9,63.9,836.6,808.3,786.4,799.3,805.6,784,837.9,808.6,783.6,800.6,812.4,809.5,824.5,800.4,782.6,801.7,808.5,791,817.2,784.5,773.8,794.2,805,801.1,812.3,774,763.4,798.1,800.8,801,816.6,789.4,783.6,803.8,804.3,809.9,827.6,795.9,785,800.6,808.6,807.1,826,790.2,778,802.4,809.7,803.8,0.6,1.1,0.7,33.6,1.6,34,395.3,34,34,393.4,34,34,394.9,34,34,393.8,34,12151,0,0
10/26/17 0:00,16471.9,16472.4,3924.9,747.6,0,2768.4,1.5,28.4,18.2,63,0,800.6,24.9,49.6,49.7,49.9,24.4,24.8,49.6,49.6,49.3,24.4,24.8,49.5,49.5,49.4,24.1,24.6,49.3,49.2,49.6,24.1,24.6,49.2,49.4,49.8,24.4,24.6,49.5,49.7,49.7,24.4,24.7,49.3,49.5,49.8,24.4,24.5,49.3,49.6,49.5,24.4,51.9,13857.1,13857.4,468,95.1,23.9,138.4,138.4,708.3,84.5,84.5,5042.7,838,762.9,741.1,815.5,26,25.7,29.8,122.3,119.6,819.9,816.9,902.6,888.7,872.4,868.8,27.3,19.4,60.4,836.5,808.6,786.2,799,805.2,783.2,838,808.8,783.1,800.3,812,809,824,800.2,782.4,801.4,807.9,790,816.7,784.3,773.4,793.6,804.3,800.8,811.5,773.7,762.9,797.8,800.9,801.1,816.1,789.1,783.6,804,804.8,810.2,827,795.7,784.6,800.4,808.6,806.8,825.3,789.9,777.3,801.1,807.4,803.5,0.6,1.1,0.7,33.8,1.5,34,394.7,34,34,393,34,34,394.2,34,34,393.6,34,12151,0,0
11/2/17 0:00,16438.8,16439.3,3911.4,745.4,0,2750.8,1.5,28.5,19.4,63,0,801.4,24.9,49.6,49.7,49.9,24.4,24.8,49.6,49.6,49.3,24.4,24.9,49.5,49.5,49.4,24.1,24.6,49.3,49.2,49.6,24.1,24.6,49.2,49.5,49.8,24.4,24.6,49.4,49.7,49.7,24.4,24.7,49.2,49.6,49.8,24.4,24.5,49.3,49.6,49.5,24.4,51.9,13811.2,13811.7,477.9,95.1,25.3,138.5,138.5,708.8,84.5,84.5,5207,837.9,764.1,742.8,816.4,27,26.7,30.9,123.2,120.6,821.3,816.6,903.6,889.2,873,869.4,6,20.4,60.5,837.1,808.2,787,800.3,806.7,785.7,837.9,808.4,784,801.6,814.1,811,824.6,800.1,782.9,802.4,809.5,791.3,817.1,784.3,774.5,795.3,806.1,802.4,813.2,774.7,764,799.6,800.9,800.5,816.2,788.4,782.6,801.7,802,808.4,827.6,794.6,786.4,799.7,808,806.8,826.6,791.2,780.4,805.2,810.6,805.8,0.6,1.1,0.7,33.8,0.9,34,394.8,34,34,393,34,34,394,34,34,393.5,34,12151,0,0
11/9/17 0:00,15862.1,15862.6,3732.6,693.8,0,2677.4,1.5,29.8,11.1,63,0,800.1,24.9,49.6,49.6,49.8,24.3,24.8,49.5,49.5,49.2,24.3,24.8,49.4,49.5,49.3,24,24.6,49.2,49.1,49.5,24,24.5,49.1,49.4,49.7,24.4,24.6,49.4,49.6,49.7,24.4,24.7,49.2,49.5,49.8,24.4,24.4,49.3,49.5,49.3,24.4,51.8,13743.7,13744.2,469.5,94.4,16.8,138.5,138.5,708.7,84.5,84.5,5371.2,837.9,762.4,740.4,814.6,18.9,18.6,22.7,121,117.5,819.3,815.8,901.7,887.7,871.4,867.7,523.7,17.4,78.2,835.9,808.1,785.6,798.8,805,782.6,837.9,808.6,782.5,799.9,812.3,808.9,823,799.6,781.4,801,807.8,789.2,815.4,783.2,772.6,792.9,803.9,800.2,810.4,772.7,762.4,797.4,800.4,800.4,815,788.1,782.5,803.1,804.1,809.6,825.9,794.7,783.4,799.7,808.3,806.6,824.4,789.6,777.3,801.7,808.2,804,0.6,1.1,0.7,33.7,0.8,34,393.9,34,34,392.1,34,34,393.3,34,34,392.6,34,12151,0,0
11/16/17 0:00,16301.3,16301.8,3869.9,729.7,0,2646.2,1.5,28.8,14.3,63,0,801.1,24.9,49.6,49.7,49.8,24.3,24.8,49.5,49.5,49.2,24.3,24.8,49.4,49.5,49.3,24,24.6,49.2,49.1,49.5,24,24.5,49.2,49.4,49.7,24.3,24.6,49.4,49.6,49.6,24.3,24.6,49.2,49.5,49.8,24.4,24.4,49.4,49.5,49.3,24.4,51.8,13835.3,13835.8,473.2,95,20.2,138.5,138.5,708.7,84.5,84.5,5535.2,837.9,763.5,742,815.8,22.2,21.8,26,121.1,118.3,820.7,816,902.9,888.6,872.5,868.6,255.9,17.5,69.7,836.7,808.2,786.8,800,806.5,784.9,837.8,808.5,783.6,801.3,814.2,810.7,824,800.3,782.5,802.3,809.6,790.8,816.3,783.9,773.9,794.6,805.8,801.7,812.2,774.1,763.5,799,800.8,800.4,815.7,788.1,782.5,801.8,802.4,808.7,827,794.5,785.8,799.7,808.1,806.8,825.8,790.7,779.6,804.8,810.6,805.8,0.6,1.1,0.7,34,0.9,34,394.1,34,34,392.3,34,34,393.5,34,34,392.8,34,12151,0,0
11/23/17 0:00,16116.2,16116.7,3809.5,713.4,0,2608.3,1.5,29.2,12.4,63,0,801.6,24.8,49.5,49.6,49.8,24.3,24.8,49.5,49.5,49.1,24.3,24.8,49.4,49.5,49.3,24,24.6,49.2,49.1,49.5,24,24.6,49.2,49.4,49.7,24.3,24.5,49.3,49.6,49.5,24.3,24.6,49.1,49.4,49.7,24.4,24.4,49.3,49.5,49.2,24.4,51.8,13811.8,13812.3,467.6,94.7,18.4,138.5,138.6,708.8,84.5,84.5,5699,838,764.2,743,816.1,20.5,20.3,24.5,121.1,117.9,821.3,815.4,903.2,888.5,872.6,868.6,578,18.9,85,837.4,808.5,787.2,800.8,807.7,786.4,838,808.6,784.2,802.4,815.7,812,824.2,800.6,782.8,803,810.6,791.5,816.2,783.7,774.6,795.8,806.8,802.7,813.2,774.7,764.3,800.4,800.8,799.8,815.5,787.4,781.7,800,800.3,807.3,827.3,793.8,787.6,799,807.6,806.7,826.4,791.6,782.1,807.5,812.4,807.2,0.6,1.1,0.7,34,0.9,34,393.8,34,34,392,34,34,393.1,34,34,392.5,34,12151,0,0
11/30/17 0:00,16129.6,16130.1,3814.2,714.3,0,2600.3,1.5,29.2,13.4,63,0,801.3,24.8,49.5,49.6,49.8,24.3,24.7,49.5,49.5,49.1,24.3,24.8,49.3,49.4,49.2,23.9,24.5,49.2,49.1,49.5,23.9,24.5,49.1,49.4,49.6,24.4,24.5,49.3,49.5,49.5,24.4,24.6,49.1,49.4,49.7,24.3,24.4,49.2,49.5,49.2,24.3,51.7,13765.9,13766.4,463.9,94.8,19.2,138.5,138.5,708.6,84.5,84.5,5862.9,838,763.7,742,815.4,21.4,21.1,25.2,121.3,118.1,820.9,816,902.8,888.5,872.3,868.4,405.5,18.2,75.8,836.8,808.5,786.8,800.1,806.9,785.3,838.1,808.6,783.7,801.5,814.9,811.2,823.9,800.5,782.5,802.3,810.2,791.2,816.2,783.7,773.9,795,806.3,802.4,812.4,774,763.7,799.4,801.2,800.7,815.8,788.1,782.2,801.6,801.9,808.8,827,794.6,786.2,799.7,808.4,807,825.8,791.1,780,804.9,811.1,806.3,0.6,1.1,0.7,33.7,0.8,34,393.5,34,34,391.5,34,34,393.1,34,34,392.1,34,12151,0,0
12/7/17 0:00,15974,15974.4,3765.2,697.3,0,2543.1,1.5,29.6,7.1,63,0,801.2,24.8,49.5,49.6,49.8,24.2,24.7,49.5,49.4,49,24.2,24.7,49.3,49.4,49.2,23.9,24.5,49.1,49.1,49.4,23.9,24.5,49.1,49.4,49.6,24.3,24.5,49.2,49.5,49.4,24.3,24.6,49,49.3,49.7,24.3,24.3,49.3,49.5,49.4,24.3,51.7,13896.2,13896.7,485.5,94.1,12.9,138.6,138.6,708.8,84.5,84.5,6026.7,838,764.1,742.2,815.6,15.4,15.1,19.4,119.9,116.8,821.1,814.9,903.3,888.3,872.6,868.4,1446.8,20.8,121.1,837.3,808,786.7,800.2,807.4,786.1,838,808.6,783.9,802.2,816.1,811.9,823.9,800.5,782.4,802.5,810.8,791.4,815.8,783.1,774.3,795.6,807,803,813.1,774.3,764.2,800.6,801.1,799.9,815.5,787,781,799.1,799.1,806.9,826.9,793,787.4,798,807,806.2,826.1,791.1,782.2,807.3,811.5,806.9,0.6,1.1,0.7,33.7,0.9,34,393,34,34,391.3,34,34,392.4,34,34,392.1,34,12151,0,0
12/14/17 0:00,16037.9,16038.3,3786.8,706,0,2538.4,1.5,29.4,8.6,63,0,800.8,24.8,49.4,49.5,49.7,24.2,24.7,49.5,49.4,48.9,24.2,24.7,49.3,49.4,49.2,23.9,24.5,49.1,49,49.4,23.9,24.5,49,49.3,49.6,24.3,24.5,49.3,49.5,49.5,24.3,24.7,49,49.3,49.7,24.3,24.3,49.2,49.4,49.3,24.3,51.7,13828.1,13828.6,486.5,94.7,14.4,138.6,138.6,709,84.5,84.5,6190.5,838,762.9,741,814.8,16.8,16.5,20.8,120,117,820.2,815.9,902.7,888.5,872.2,868.3,972.8,19,94.2,836.5,808.1,786.3,799.4,806.1,784.1,838,808.5,783.1,800.9,814.6,810.4,823.6,800.3,782,801.5,809.8,790.3,815.8,783.2,773.2,793.8,805.6,801.5,811.4,773.3,762.9,798.4,800.9,800.7,815.6,787.9,782.3,802.2,803,809.4,826.7,794.4,785,799.5,808.2,806.9,825.2,790.3,778.7,803.2,809.5,805.4,0.6,1.1,0.7,34,0.8,34,392.8,34,34,390.9,34,34,392.5,34,34,391.9,34,12151,0,0
12/21/17 0:00,15881.5,15881.9,3736.4,691.4,0,2516,1.5,29.7,8.1,63.1,0,801.3,24.8,49.5,49.6,49.8,24.2,24.7,49.5,49.4,48.9,24.2,24.7,49.3,49.4,49.3,23.9,24.5,49.1,49,49.4,23.9,24.5,49.1,49.3,49.6,24.3,24.5,49.2,49.5,49.4,24.3,24.7,49.1,49.3,49.7,24.3,24.3,49.2,49.4,49.3,24.3,51.5,13799,13799.3,489.6,94.5,13.8,138.2,138.2,708.1,84.4,84.5,6354.3,837.9,763.8,743.4,815.9,16.1,15.8,20.1,120.2,117.2,821.7,815,903.6,888.4,872.8,868.4,1103.2,20,100.2,837.6,808.7,787.5,801,807.9,786.5,837.5,808.1,784,802.3,816.7,812.3,823.9,800.4,782.4,802.4,811.1,791.1,816,783.1,774.5,795.7,807.1,802.9,812.9,774.2,763.9,800,800.5,799.4,815.1,786.6,780.7,799.1,799.1,806.7,826.8,792.7,786.6,798.1,806.7,806.2,826.5,792.1,782.4,807.5,812.3,807.2,0.6,1.1,0.7,33.6,0.9,33.9,392.9,33.9,33.9,391,33.9,33.9,392.4,33.9,33.9,392,33.9,12151,0.1,0
12/28/17 0:00,15282,15282.5,3553,649.1,0,2505.8,1.5,31.4,-2.1,63,0,799.4,24.7,49.3,49.4,49.6,24.1,24.7,49.3,49.2,48.6,24.1,24.6,49.1,49.3,49.1,23.9,24.4,48.9,48.9,49.2,23.9,24.4,48.8,49.1,49.4,24.2,24.4,49.1,49.4,49.4,24.2,24.6,49,49.2,49.6,24.3,24.2,49,49.2,49.1,24.3,51.6,13851.7,13852.2,496.8,93.9,3.5,138.9,138.9,710.6,84.5,84.5,6518.1,837.9,761.1,740.7,813.5,6.1,5.7,10.1,119.2,115.9,819,814.2,901.1,886.6,870.7,866.3,1950,23,106.9,835.4,808.3,786.5,799.5,805.5,782.7,837.8,808,781.6,799.4,813.8,809.3,821.9,799.3,780.6,800,805.9,787.4,814.3,782.1,771.7,792,804,800.2,808.7,771.1,761.1,796.5,799.6,799.7,813.1,785.3,780.4,801.6,802.4,808.8,824.4,792.9,781.4,798.2,807.5,806.3,824.1,790.3,776.8,801,808.3,804.2,0.6,1.1,0.7,33.7,0.8,34.1,391.3,34.1,34.1,390,34.1,34.1,390.8,34.1,34.1,390.6,34.1,12151,0,0
1/4/18 0:00,15871.2,15871.6,3733.8,717.5,0,2581.2,1.5,30.5,1.1,63.1,0,800.5,24.7,49.2,49.4,49.6,24.1,24.6,49.2,49.2,48.5,24.1,24.6,49,49.2,49,24.1,24.4,48.8,48.8,49.2,24.1,24.4,48.8,49.1,49.4,24.1,24.4,49,49.2,49.2,24.1,24.5,48.9,49.1,49.5,24.2,24.2,49,49.2,49,24.2,52.6,14148.7,14149.1,526.6,94.6,6.1,142,142,729.4,84.4,84.4,6682,837.8,762.6,742.8,815.6,8.8,8.6,12.9,120.5,117.3,821.6,814.3,904.7,889.4,873.3,869.1,1654.3,21.7,104.8,837.7,807.6,787.5,801,808.4,786.9,835.5,805.1,782.6,800.9,816.6,812.7,823,797.9,780,800.1,806.7,790,815.7,781.6,773.3,795.3,807.4,803.4,812.8,772.5,762.6,798.7,799.3,798.5,814.8,785.1,779.2,797.8,798.2,806.4,826.7,791.6,784.8,797,806.1,805.9,827.4,792.3,781.8,807.2,812.7,807.7,0.6,1.2,0.7,33.8,0.9,34.8,390.8,34.8,34.8,389.7,34.8,34.8,390,34.8,34.8,390,34.8,12151,0,0
1/11/18 0:00,16399.8,16400.4,3900.9,772.9,0,2611.4,1.5,29.5,9.4,63.3,0,800.5,24.7,49.2,49.4,49.6,24,24.6,49.2,49.2,49.3,24,24.6,49,49.2,49,24,24.4,48.8,48.8,49.3,24,24.3,48.7,49.1,49.3,24.1,24.4,48.9,49.2,49.2,24.1,24.5,48.8,49.1,49.4,24.2,24.3,49,49.2,49,24.2,53,14257.1,14257.6,538.2,95.4,14.7,143.1,143.1,739.2,84.2,84.2,6845.8,837.9,762.9,742.7,815.8,16.8,16.5,21,123,120.5,821.8,815.2,905.9,890.5,874.1,870.6,1155.9,21.8,100.4,837.9,806.7,787.6,800.7,808.4,787.5,835.4,803.9,782.7,800.6,812.3,812.7,823.3,797,779.1,799.6,807.3,790.5,816.6,781.6,773.6,795.8,806.8,803.8,813.5,772.7,762.8,798.3,798.7,798.5,815.5,785.5,779.7,798,798.3,806.4,827.5,791.6,784.8,797.1,806,806.1,828.3,791.4,780.9,806.8,812.9,808.1,0.6,1.2,0.7,33.9,0.9,35,391.6,35,35,389.7,35,35,390.1,35,35,390.1,35,12151,0,0
1/18/18 0:00,16619.4,16619.9,3968,791.3,0,2545,1.5,28.9,10.9,63.3,0,801.6,24.6,49.2,49.3,49.5,24.1,24.6,49.2,49.2,49.2,24.1,24.6,48.9,49.2,48.9,24,24.4,48.8,48.8,49.3,24,24.3,48.7,49.1,49.3,24.1,24.3,48.9,49.2,49.2,24.1,24.5,48.8,49.1,49.4,24.2,24.2,49,49.2,48.9,24.2,52.9,14351.1,14351.6,536.9,95.4,16.5,143.1,143.1,739.2,84.1,84.2,7009.7,837.9,764.1,743.3,816.4,18.9,18.5,23,123.5,121.1,822.6,816.1,906.5,891.2,874.8,871.2,731.3,19,87.6,837.9,807.1,788.5,801.6,809.6,788.7,836.4,805.5,784,801.7,813.7,813.7,824.4,798.3,780.7,801,808.4,791.5,817.7,782.7,774.8,796.7,808,805,814.2,773.9,764,799.4,800,799.6,816.4,786.6,781.1,799.5,799.9,807.8,828.5,793.1,786,798.5,807.5,807.3,828.8,791.9,781.4,807.3,813.5,808.8,0.6,1.2,0.7,34.1,0.9,35,391.4,35,35,389.6,35,35,390.1,35,35,389.8,35,12151,0,0
1/25/18 0:00,16444.9,16445.4,3915.3,779.4,0,2543,1.5,29.4,9.4,63.3,0,800.6,24.6,49.1,49.3,49.5,24,24.5,49.1,49.1,49.1,24,24.5,48.8,49.1,48.8,24,24.4,48.7,48.7,49.2,24,24.3,48.6,49,49.2,24.1,24.3,48.8,49.2,49.1,24.1,24.4,48.7,49,49.4,24.1,24.2,48.9,49.1,48.9,24.1,53.1,14298.9,14299.4,544,95,14.8,143.8,143.8,742.6,84.1,84.2,7173.5,837.9,762.9,742.4,815.6,17.1,16.8,21.3,123.2,120.8,822,815.3,905.7,890.3,874,870.3,1079,20,101.2,837.9,806.4,787.3,800.7,808.9,788.1,834.9,803.7,782.7,800.6,813.5,813.3,822.8,796.5,779,799.7,807.4,790.7,816.5,781.2,773.5,796.1,807.4,804.1,813.5,772.7,762.8,798.4,798.6,798.4,815.3,785.5,779.5,797.9,798.4,806.7,827.7,791.9,785.3,797.1,806.2,806.4,828.6,792.2,781.3,807.1,813.5,808.6,0.6,1.2,0.7,34,0.9,35.2,390.7,35.2,35.2,388.7,35.2,35.2,389.3,35.2,35.2,389.1,35.2,12151,0,0
2/1/18 0:00,16538.7,16539.2,3946.5,791.9,0,2547.7,1.5,29.5,6.8,63.3,0,799.8,24.6,49,49.2,49.4,24,24.5,49,49,48.9,24,24.5,48.7,49,48.8,23.9,24.3,48.5,48.6,49.1,23.9,24.2,48.5,48.9,49.1,24,24.2,48.7,49.1,49,24,24.4,48.6,48.9,49.3,24,24.1,48.9,49,48.7,24,53.4,14477.7,14478.2,547.4,95.3,12.1,145.2,145.2,750.1,84.1,84.2,7337.3,837.9,762,741.1,815.1,14.8,14.5,19.2,123.3,120.7,821.6,814.6,905.6,890.2,873.7,870.1,1436.7,21,117.2,838,805.6,786.3,799.8,808.7,787.8,834,802.1,781.6,799.5,813.4,813.1,821.7,795,777.6,798.4,806.5,790,815.7,780.1,772.6,795.2,806.9,803.6,812.8,771.7,761.9,797.2,797.7,797.6,814.7,784.5,778.7,797.2,797.8,806.2,827.5,791.3,784.3,796.6,805.8,806,828.5,791.8,780.5,806.4,813.2,808.2,0.7,1.2,0.7,33.7,0.9,35.5,389.6,35.5,35.5,387.8,35.5,35.5,388.2,35.5,35.5,388.2,35.5,12151,0,0
2/8/18 0:00,16721.5,16722,4003.7,816,0,2532.3,1.5,29.1,12,63.3,0,800.2,24.5,48.9,49.1,49.4,23.9,24.5,49,48.9,48.9,23.9,24.4,48.7,49,48.9,23.9,24.3,48.5,48.6,49.2,23.9,24.2,48.5,48.8,49.1,24,24.2,48.7,49,49,24,24.4,48.6,48.8,49.3,24,24.2,48.8,49,48.6,24,53.5,14411.3,14411.8,560.5,95.7,17.1,145.1,145.1,749.7,84.1,84.2,7501.2,837.9,762.5,741.6,815.1,19.4,19.2,23.7,125,122.6,822,815.2,905.3,890,873.7,870.2,820.8,20.3,92.2,837.9,805.9,786.6,800,808.9,788.1,834.2,802.4,782.1,799.9,813.7,813.4,822.1,795.2,778.1,799.1,806.5,790.2,816.2,780.9,772.9,795.4,806.9,803.9,813.2,772.2,762.4,797.6,798,798.1,815.1,785,779.5,798.2,798.6,806.9,827.8,791.9,784.6,797.2,806.5,806.6,828.7,791.5,780.2,806.3,813.4,808.5,0.7,1.2,0.7,33.6,0.9,35.5,389.5,35.5,35.5,388,35.5,35.5,388.2,35.5,35.5,388.2,35.5,12151,0,0
2/15/18 0:00,17192.1,17192.6,4151.4,866.8,0,2516.5,1.5,28,17.2,63.3,0,800.4,24.5,48.9,49.1,49.3,23.9,24.5,49,49,48.8,23.9,24.4,48.7,48.9,49,23.8,24.3,48.5,48.6,49.1,23.8,24.2,48.4,48.8,49.1,24,24.2,48.7,49.1,49,24,24.4,48.6,48.8,49.3,24,24.1,48.7,48.9,48.7,24,53.5,14479.4,14479.9,566.2,96.2,22.5,145.1,145.2,749.8,84.1,84.2,7665,837.9,762.5,741.2,815,24.6,24.2,28.9,126.4,124.7,822.3,816.4,905.8,891,874.2,871.2,435.7,21.7,82.3,837.8,805.8,786.4,799.7,808.6,787.8,834.7,802,782.4,799.7,813.9,813.4,822.9,795.8,778.6,799,806.9,790,817.2,781.4,772.6,795.2,806.9,804.2,813.3,772.7,762.4,797.2,798.1,798.6,815.9,785.8,780.1,799.6,800,807.7,829,792.9,784,797.9,807.1,807.2,829,790.6,779,804.8,812.9,808.1,0.7,1.2,0.7,34,0.9,35.5,389.4,35.5,35.5,387.9,35.5,35.5,388.3,35.5,35.5,387.9,35.5,12151,0,0
2/22/18 0:00,16934.1,16934.5,4067.9,836.7,0,2500.3,1.5,28.6,14.2,63.3,0,800.9,24.5,48.9,49.1,49.3,23.9,24.4,48.9,48.9,48.7,23.9,24.4,48.6,48.9,48.9,23.8,24.2,48.5,48.5,49.1,23.8,24.2,48.4,48.8,49.1,24,24.2,48.7,49,49,24,24.4,48.6,48.8,49.2,24,24.1,48.7,48.9,48.7,24,53.4,14468,14468.5,564,94.9,19.6,145.2,145.2,750,84.1,84.2,7828.8,837.9,763.2,741.6,815.4,21.8,21.6,26,125.5,123.3,822.9,815.8,906.1,890.5,874.2,870.8,85.4,15.8,61.9,838,805.9,787.2,800.4,809.6,788.8,834.6,802.5,782.7,800.3,814.8,814.3,822.7,796.2,779,799.4,807.6,790.8,817.1,781.6,773.4,796,807.7,805,813.6,773,763.1,798.1,798.6,798.8,815.5,785.6,780,798.9,799.5,807.8,828.8,792.6,785.1,797.8,807,807.3,829.3,791.8,780.4,806.1,814,809.1,0.7,1.2,0.7,33.4,0.9,35.5,389.1,35.5,35.5,387.5,35.5,35.5,387.9,35.5,35.5,387.8,35.5,12151,0,0
3/1/18 0:00,16934.7,16935.2,4070.9,823.9,0,2482.2,1.5,28.3,12.5,63.3,0,800.2,24.5,48.9,49.1,49.3,24,24.4,48.9,48.9,48.7,24,24.4,48.6,48.9,48.8,23.8,24.2,48.5,48.5,49,23.8,24.2,48.4,48.8,49.1,23.9,24.2,48.7,49,48.9,23.9,24.4,48.8,48.9,49.2,24.1,24,48.7,48.9,48.7,24.1,52.9,14487.1,14487,551.9,95.4,16.5,144.1,144.1,746.3,83.7,84.1,7992.2,837.7,762.8,741.8,814.7,18.4,18.1,22.2,124,121.7,821.7,815,905.5,890,873.8,870,500.7,16.5,69.9,837.6,806,787.7,800.6,809,788.3,833.7,801.5,781.9,799.5,812.7,812.9,821.7,794.9,778.1,799.1,807.2,789.3,816.4,781.4,772.9,795.2,806.8,804.1,813.2,773,762.8,797.7,797.6,797.7,814.9,784.4,778.6,797.8,798.3,806.3,828,791,783.7,797.1,806.1,806.2,829.5,793.4,781.3,806.5,812.9,808.5,0.7,1.2,0.7,33.5,1,35.2,389.4,35.2,35.2,387.1,35.2,35.2,387.7,35.2,35.2,388.4,35.2,12151,0.3,0
3/8/18 0:00,16762.2,16762.7,4017.1,804.2,0,2478.8,1.5,28.9,12.4,63.3,0,800.2,24.4,48.8,48.9,49.2,23.9,24.3,48.6,48.7,48.5,23.9,24.2,48.1,48.6,48.6,23.6,24.1,48.2,48.3,48.8,23.6,24.1,48.3,48.6,48.9,23.8,24.1,48.4,48.8,48.7,23.8,24.3,48.6,48.8,49,24,23.9,48.5,48.7,48.4,24,53.2,14735.6,14736.1,568.4,95.3,12.5,145.1,145.1,749.7,84.1,84.2,8155.5,838.4,765.9,743.5,815.1,16.3,16.1,19.3,132.1,128,821.2,814.4,903.5,889,872.2,869.1,1487.7,11.2,53.2,838.5,808.7,790,802.2,810.8,790.4,832.4,800,779.7,798.5,812.4,813.2,815.7,786.2,772.1,796.4,806.1,787.2,816.4,782.6,773.7,795.1,807.9,805.7,815.8,776.2,765.8,800.8,799.8,799.9,815.8,784.2,777.9,796.6,797.4,806.7,827.4,790,784.2,796.4,805.7,806.5,829.9,795,782.3,807.6,814.5,809.9,0.7,1.2,0.7,33.5,1.2,35.5,387.6,35.5,35.5,384.9,35.5,35.5,386.1,35.5,35.5,386.6,35.5,12151,0,0
3/15/18 0:00,16879.7,16880.2,4055.3,818.4,0,2472.4,1.5,28.7,13.4,63.3,0,800,24.4,48.7,48.9,49.1,23.9,24.3,48.6,48.6,48.5,23.9,24.2,48.1,48.6,48.6,23.6,24.1,48.2,48.3,48.8,23.6,24.1,48.2,48.6,48.9,23.9,24.1,48.3,48.7,48.7,23.9,24.2,48.6,48.7,49,24,23.9,48.5,48.7,48.4,24,53.1,14721.9,14722.3,570,95.4,13.5,145.1,145.1,749.6,84.1,84.2,8318.8,838.3,765.4,743.4,814.8,17.4,17.2,20.3,131.7,128.1,821.3,814,903.4,888.7,872.1,868.9,1358.1,12.2,51.8,838.3,808.6,790.2,802.1,810.5,790.3,832.4,799.7,779.7,798.6,812.8,813.3,816,786.8,772.3,796.3,806.3,787.4,816.4,782.5,773.4,795,807.8,805.7,815.4,775.6,765.4,800.1,799.4,799.6,815.5,783.9,777.8,796.7,797.1,806.3,827.2,789.9,783.5,796.4,805.6,806.5,829.8,794.5,781.7,807,814.6,809.9,0.7,1.2,0.7,33.6,0.9,35.5,387.4,35.5,35.5,384.8,35.5,35.5,385.9,35.5,35.5,386.4,35.5,12151,0,0
3/22/18 0:00,16770.5,16771,4018.2,817.5,0,2468.3,1.5,28.9,15.7,63.3,0,800.7,24.4,48.7,48.9,49.1,23.9,24.3,48.7,48.7,48.5,23.9,24.3,48.3,48.6,48.5,23.6,24.1,48.3,48.3,48.8,23.6,24,48.2,48.6,48.8,23.9,24,48.3,48.7,48.7,23.9,24.2,48.5,48.7,49,24,23.9,48.5,48.7,48.3,24,53.1,14552,14552.5,570.9,95.6,15.7,145.2,145.2,749.9,84.1,84.2,8482.6,838.3,764.4,743.7,814.6,19.4,19.2,22.3,129.7,126.4,822,813.8,903.9,888.5,872.9,868.6,1047.8,14,54.5,838.3,808.3,790,802.2,810.8,790.6,833.6,801.4,781.5,799.7,814.4,814.6,821,793.4,776.8,798.2,808.3,790.2,817.4,783.1,774.4,796.6,808.7,806.5,814.4,774.3,764.3,799.6,798.8,798.9,815,783.6,777.6,796.4,797,806.1,827.6,790.6,783.8,796.7,806.1,806.6,830,794,781.7,807.4,814.8,810.1,0.7,1.2,0.7,33.5,1.6,35.5,387.4,35.5,35.5,385.1,35.5,35.5,385.7,35.5,35.5,386.1,35.5,12151,0,0
3/29/18 0:00,17351.8,17352.3,4201.7,873.9,0,2461.8,1.5,27.7,21.1,63.3,0,801.2,24.4,48.7,48.9,49.1,23.9,24.3,48.7,48.7,48.5,23.9,24.3,48.4,48.7,48.5,23.6,24.1,48.2,48.3,48.8,23.6,24,48.1,48.5,48.8,23.9,24,48.3,48.7,48.7,23.9,24.2,48.5,48.7,49,24,23.9,48.4,48.6,48.4,24,53.2,14531.9,14532.4,559.8,96,21.3,145.2,145.2,749.9,84.1,84.2,8646.5,838.2,763.9,743.1,814.6,24.8,24.5,27.8,128,125.5,822.8,814.7,904.8,889,873.8,869.2,308.4,20.1,58.5,838.2,807.8,789.3,802,811,790.4,834.9,803.4,783.6,801.2,815.2,815.4,823.2,797.4,779.5,800.2,809,791.4,817.7,782.6,774.1,797,808.5,806.6,814.1,773.9,763.8,799.1,798.4,798.7,815.1,784,777.8,797.5,797.8,806.5,828.8,791.2,783.5,797.3,806.6,807.3,830.1,792.8,780.7,806.6,814.3,810,0.7,1.2,0.7,33.1,1.7,35.5,387.6,35.5,35.5,385.3,35.5,35.5,385.7,35.5,35.5,386,35.5,12151,0,0
4/5/18 0:00,16989.9,16990.4,4084.1,844.2,0,2417.3,1.5,28.5,17.5,63.3,0,801.7,24.4,48.6,48.9,49.1,23.8,24.3,48.7,48.7,48.4,23.8,24.3,48.4,48.7,48.5,23.6,24.1,48.2,48.2,48.8,23.6,24,48.1,48.5,48.8,23.8,24,48.3,48.7,48.7,23.8,24.2,48.5,48.7,49,23.9,23.8,48.5,48.6,48.7,23.9,53.1,14548.2,14548.7,552.9,95.2,17.6,145.2,145.2,749.8,84.1,84.2,8810.3,838.2,764.6,743.7,815,21.3,21.1,24.2,127.5,124.5,823.1,814.5,904.8,888.7,873.8,868.9,757.1,15.9,53.7,838.2,808,790.2,802.9,811.8,791.4,835.1,804.2,784.2,801.9,816.2,816.3,823.4,797.8,780,801.2,809.8,792.2,817.4,782.9,775,797.6,809.4,807.3,814.5,774.4,764.5,800.1,799.2,799.2,815.4,784.4,778.3,797.3,798.1,806.9,828.4,791.3,784.4,797.4,806.8,807.7,830.4,793.6,781.9,807.8,814.4,810.6,0.7,1.2,0.7,33.5,1.7,35.5,387.2,35.5,35.5,385,35.5,35.5,385.4,35.5,35.5,386.1,35.5,12151,0,0
4/12/18 0:00,17617.5,17618,4289.5,898.2,0,2425.6,1.5,27.1,23.5,63.3,0,801.1,24.4,48.6,48.8,49.1,23.8,24.3,48.7,48.6,48.6,23.8,24.3,48.3,48.7,48.5,23.6,24.1,48.1,48.2,48.8,23.6,24,48,48.5,48.8,23.8,24,48.3,48.7,48.7,23.8,24.2,48.4,48.7,49,23.9,24,48.4,48.6,48.4,23.9,53.1,14598,14598.5,559.6,95.8,23.8,145.1,145.1,749.7,84.1,84.2,8974.2,838.2,763.6,742.5,814.4,27.1,26.9,30.3,129.7,127.5,822.4,815.2,904.8,889.3,874,869.6,196.3,22.6,60.6,838.3,807.6,788.6,801.2,810.2,789.6,835,802.9,783.4,800.6,814,814.5,823.5,797.3,779.2,799.7,808.8,791,818.1,782.7,773.9,796.7,808.5,806.9,814.2,774.2,763.6,798.7,798.6,799,815.7,784.5,778.1,798.6,799.3,807.4,829.5,791.5,782.8,797.5,807.3,808,829.9,791.2,779.5,805.2,813.3,809.5,0.7,1.2,0.7,33.5,1.7,35.5,387.2,35.5,35.5,384.9,35.5,35.5,385.5,35.5,35.5,385.9,35.5,12151,0,0
4/19/18 0:00,17267.7,17268.2,4173.3,881.4,0,2399.9,1.5,27.9,22.4,63.3,0,801.1,24.4,48.6,48.8,49.1,23.8,24.3,48.6,48.6,48.7,23.8,24.3,48.3,48.7,48.5,23.6,24,48.1,48.2,48.7,23.6,24,48,48.5,48.8,23.8,24,48.2,48.7,48.6,23.8,24.2,48.4,48.6,48.9,23.9,24,48.4,48.6,48.4,23.9,53.1,14489.6,14490.1,564.6,95.5,22.6,145.2,145.2,750,84.1,84.2,9138,838.2,763.9,743.1,814.5,25.9,25.7,28.8,129.5,126.6,822.4,814.7,904.6,889,873.7,869,325.9,21,58.8,838.2,807.7,789.2,801.7,810.7,790.3,834.8,802.9,783.4,801,813.8,815.1,823.2,797,779.6,800.1,809.2,790.9,817.5,782.4,774.3,796.9,808.9,806.9,814.2,774.3,763.9,799.1,798.6,798.9,815.3,784,778,797.7,798.3,807,828.8,791.1,783.7,797.3,806.9,807.7,830.1,791.4,780.4,806.5,814.1,810,0.7,1.2,0.7,34,1.7,35.5,387.3,35.5,35.5,384.7,35.5,35.5,385.3,35.5,35.5,385.8,35.5,12151,0,0
4/26/18 0:00,17678.1,17678.5,4306.7,919.4,0,2384.5,1.5,27,25.8,63.3,0,801,24.3,48.5,48.8,49,23.8,24.3,48.6,48.6,48.7,23.8,24.2,48.4,48.6,48.5,23.6,24,48.1,48.2,48.7,23.6,23.9,48,48.4,48.7,23.8,24,48.2,48.7,48.7,23.8,24.2,48.4,48.6,48.9,23.9,23.9,48.4,48.6,48.3,23.9,53.1,14543.8,14544.3,568.1,95.7,26.1,145.2,145.2,749.9,84.1,84.2,9301.8,838.2,763.7,742.7,814.5,29.3,29.1,32.5,130.3,127.9,822.2,815.2,904.5,889.2,874,869.4,34.8,24.4,62.6,838.2,807.5,788.4,801.1,810.3,789.8,834.7,802.4,783.4,800.6,813.6,814.7,823.2,796.3,779.6,799.9,808.1,790.5,818,782.6,774.1,796.6,808.6,807.1,814.3,774.6,763.7,798.7,798.5,799,815.6,784.4,778.3,798.9,799.2,807.5,829.5,791.7,782.9,797.8,807.4,808,830,791.2,779.1,804.7,813.6,809.5,0.7,1.2,0.7,33.8,1.7,35.5,386.9,35.5,35.5,384.7,35.5,35.5,385.2,35.5,35.5,385.6,35.5,12151,0,0
5/3/18 0:00,17965.3,17965.7,4402.4,954,0,2410.8,1.6,26.4,31.1,63.3,0,800.8,24.3,48.5,48.7,49,23.8,24.3,48.6,48.6,48.6,23.8,24.3,48.5,48.6,48.4,23.6,24,48.1,48.1,48.7,23.6,23.9,48,48.4,48.7,23.8,24,48.2,48.7,48.7,23.8,24.2,48.4,48.6,49,23.9,23.9,48.3,48.6,48.3,23.9,53,14542.2,14542.5,572.1,96.1,31.8,145,145,749.2,84.1,84.2,9465.7,838.2,762.9,742.1,814.2,34.6,34.4,37.8,133,131.1,821.9,815.9,904.1,889.3,873.8,869.6,9.1,30.1,68,838.2,807.5,787.9,800.3,809.4,789.1,834.7,802.3,783.1,800.1,813.2,814.2,823.3,795.6,779.2,799.1,807.9,790.3,818.5,782.6,773.5,796.4,808.4,807.3,814.1,774.5,762.9,797.7,798.4,799.3,815.8,784.5,778.1,799.7,800.3,808.1,830.3,792.5,781.9,798.2,807.9,808.7,829.8,790.6,777.6,803.2,813,809.1,0.7,1.2,0.7,33.7,1.7,35.5,386.8,35.5,35.5,384.5,35.5,35.5,385.3,35.5,35.5,385.3,35.5,12151,0,0
5/10/18 0:00,18110.5,18110.9,4451.4,972.4,0,2427.1,1.6,26.5,28.9,63.3,0,800.3,24.3,48.4,48.6,48.8,23.7,24.2,48.4,48.4,48.4,23.7,24.2,48.2,48.4,48.3,23.5,23.9,47.8,47.9,48.6,23.5,23.8,47.7,48.2,48.6,23.7,24,48.1,48.5,48.6,23.7,24.1,48.2,48.4,48.8,23.8,23.8,48.1,48.4,48.1,23.8,53.6,14716.7,14717.1,588.1,96,29.5,147.1,147.1,760,84.1,84.2,9629.5,838.3,761.2,740.2,813.5,32.4,32.2,35.5,132.9,130.9,821.7,816.4,904.4,889.6,873.8,870,7.1,27.8,65.8,838.1,807.2,786.5,799,808.7,788.3,834.4,801.6,782.1,799,812.6,813.9,822.8,794.7,777.6,797.6,807.3,789.7,818.9,781.8,772,795.9,808.5,807.8,813.5,773.9,761.4,796.1,798.1,799.9,816.3,784.3,777.1,800.6,801.5,809,831.5,792.7,780,798,808.6,809.7,829.5,788.7,775.3,800.9,812.1,808.9,0.7,1.3,0.7,33.5,1.7,36,385.4,36,36,383,36,36,383.9,36,36,384,36,12151,0,0
5/17/18 0:00,18074.9,18075.4,4437.3,969.3,0,2379.1,1.6,26.6,29.2,63.3,0,800.1,24.2,48.3,48.5,48.8,23.6,24.2,48.4,48.4,48.4,23.6,24.2,48.2,48.4,48.3,23.6,23.9,47.8,47.9,48.5,23.6,23.8,47.7,48.1,48.5,23.7,23.9,48,48.5,48.6,23.7,24.1,48.1,48.4,48.8,23.8,24,48,48.3,48.1,23.8,53.6,14687.6,14688.1,585.7,96.2,29.9,147.3,147.3,760.7,84.1,84.2,9793.3,838.3,760.7,739.7,813.5,32.7,32.5,35.8,132.5,130.8,821.7,816.8,904.8,890.2,874.1,870.4,7.4,28,66.2,838.5,807.2,786.1,798.4,808.4,787.8,834.6,801.3,781.9,798.5,812.3,813.4,822.9,794.3,777.3,796.8,806.6,789.2,819.4,781.7,771.5,795.7,807.5,807.7,813.8,773.8,760.7,795.5,798.1,799.9,816.8,784.3,776.7,800.8,801.8,809.3,832.2,792.9,779.2,798,808.8,809.7,829.4,787.5,774.6,800.1,811.7,808.5,0.7,1.3,0.7,33.5,1.8,36,385.1,36,36,383.1,36,36,383.5,36,36,383.9,36,12151,0,0
5/24/18 0:00,18387.1,18387.6,4548.4,1006,0,2343,1.6,25.9,32.6,63.3,0,800,24.2,48.3,48.5,48.8,23.6,24.1,48.3,48.3,48.3,23.6,24.2,48.1,48.3,48.4,23.7,23.9,47.7,47.9,48.5,23.7,23.8,47.6,48.1,48.5,23.7,23.9,47.9,48.5,48.5,23.7,24.1,48.1,48.4,48.8,23.8,24,48,48.3,48,23.8,53.6,14740.6,14741.1,591.5,96.4,33.5,147.2,147.2,760.3,84.1,84.2,9957.2,838.3,760.3,739.6,813.5,35.9,35.8,39.1,134.3,132.9,821.5,817,904.5,890.1,873.9,870.4,11.2,31.4,70,838.3,807.2,785.7,798,808,787.4,834.7,801.2,781.8,798.3,812.1,813.1,822.8,794,777.3,796.6,805.4,789.1,819.6,781.8,771.4,795.7,807.3,807.8,813.8,773.9,760.3,795,798,800.2,817.4,784.4,776.4,801,802.2,809.8,832.8,793.2,778.9,797.9,808.9,810.2,829.5,787.2,773.8,799.5,811.2,808.6,0.7,1.3,0.7,33.6,1.8,36,384.7,36,36,383.1,36,36,383.3,36,36,383.5,36,12151,0,0
5/31/18 0:00,18435.4,18435.9,4565.2,1013.4,0,2303.7,1.6,25.8,31.3,63.3,0,799.9,24.2,48.2,48.4,48.7,23.6,24.1,48.3,48.3,48.3,23.6,24.1,48,48.3,48.3,23.6,23.9,47.6,47.8,48.5,23.6,23.7,47.5,48,48.4,23.7,23.9,47.8,48.4,48.5,23.7,24.1,48,48.3,48.7,23.8,23.9,47.9,48.2,48,23.8,53.5,14783.2,14783.6,591.1,96.3,32.2,147.3,147.3,760.7,84,84.2,10121,838.4,759.9,739.2,813.4,34.6,34.5,37.8,132.9,131.7,821.4,817.1,904.5,890.2,874,870.8,9.6,30.1,68.8,838.4,807.1,785.6,797.8,807.7,787.2,834.8,800.9,781.5,798,811.8,813,822.9,793.7,777,796.6,805.7,788.9,819.7,781.6,771.2,795.6,807,807.8,813.8,773.8,760,794.7,797.8,800.2,817.5,784.4,776.2,800.8,802.2,809.7,833,793.3,778.8,797.7,809,810.3,829.5,787.2,773.5,799.1,811.1,808.4,0.7,1.3,0.8,33.4,1.8,36,384.2,36,36,382.4,36,36,382.6,36,36,382.9,36,12151,0,0
6/7/18 0:00,18246.9,18247.4,4498.3,992.3,0,2263,1.6,26.2,30.9,63.3,0,800,24.2,48.1,48.4,48.7,23.6,24.1,48.2,48.2,48.2,23.6,24.1,47.9,48.2,48.3,23.6,23.9,47.6,47.8,48.4,23.6,23.7,47.5,48,48.4,23.7,23.9,47.8,48.4,48.5,23.7,24,48,48.3,48.7,23.7,23.9,47.8,48.2,48,23.7,53.5,14703,14703.5,588.4,96.1,31.8,147.2,147.2,760.4,84.1,84.2,10284.8,838.4,760,739.5,813.5,34.3,34.1,37.3,133.3,131.8,821.5,817.2,904.3,890.1,873.8,870.5,9.1,29.7,68.4,838.4,807.3,785.9,798.1,808,787.5,834.9,801.2,781.8,798.3,812.2,813.3,822.9,793.7,777.3,796.7,806.1,789.1,819.6,781.7,771.4,795.7,807.3,808,813.7,774,760.1,795,798.2,800.3,817.4,784.5,776.4,801,802.5,809.9,832.9,793.4,779,798.2,809.3,810.6,829.6,787.7,773.8,799.5,811.4,808.7,0.7,1.3,0.7,33.8,1.8,36,384,36,36,382.1,36,36,382.4,36,36,382.7,36,12151,0,0
6/14/18 0:00,17536.3,17536.7,4300.8,939.1,0,2104.7,1.6,24.2,35.6,63.1,0,801.2,24.7,49.1,49.3,49.6,24.2,24.6,49.1,49.2,49.2,24.2,24.6,48.9,49.2,49.2,24.1,24.3,48.5,48.8,49.4,24.1,24.2,48.5,48.9,49.3,24.2,24.4,48.7,49.3,49.4,24.2,24.5,48.9,49.2,49.6,24.3,24.3,48.7,49.1,48.9,24.3,47.9,14178.8,14179.1,540.5,95.6,36.6,133.6,133.6,729.2,76.6,82.2,10441.3,838,761.6,746.6,814.5,38.7,38.6,42.1,129.6,128.7,822.5,818.5,906.9,892.3,874.7,871.3,16,34.4,70.4,838,809.6,789,799.8,807.1,787.4,835.1,802.9,785.9,800.4,810.7,811,822.9,795.5,781.1,799.1,805.6,788.1,820.2,785.3,775.8,797.6,806.1,805.4,814.8,778.1,764,796.3,797.8,798.8,819.3,788,780,802.9,802.3,808.3,833.7,796.5,782.7,800,809,808.9,829.4,790.2,777.4,801.1,810.4,806.3,0.7,1.2,0.7,33.7,2.1,32.5,391.9,32.3,32.5,390,32.3,32.5,390.3,32.3,32.5,390.2,32.3,12151,5.2,0
6/21/18 0:00,18519,18519.4,4595.5,1023,0,2238.3,1.6,25.6,33.2,63.3,0,799.8,24.1,48,48.2,48.6,23.7,24,48.1,48.1,48.4,23.7,24,47.7,48.1,48.2,23.5,23.7,47.3,47.6,48.4,23.5,23.6,47.2,47.8,48.3,23.6,23.8,47.6,48.3,48.3,23.6,24,47.9,48.1,48.6,23.7,23.7,47.6,48,47.8,23.7,53.3,14718,14718.5,588.4,96.5,34.2,147.2,147.2,760.5,84.1,84.2,10595.7,838.3,758.8,739.2,813.5,36.4,36.3,39.5,133.7,132.8,821.2,817.8,904.7,890.6,874.4,871,11.4,31.9,70.9,838.4,807.1,785,797.5,807.6,788,835.1,800.8,781.5,797.9,809.6,813.2,821.8,791.9,775.8,796.3,805.7,788.2,819.7,781.2,770.6,795.8,806.9,807.9,813.5,773.8,758.8,794.2,798.1,800.8,818.3,784.5,775.8,801,803.1,810.7,834,793.8,778.6,798.1,809.8,811.3,829.4,786.8,772.5,798.9,811.5,808.9,0.7,1.3,0.8,33.3,1.8,36,383.5,36,36,380.7,36,36,381.1,36,36,381.3,36,12151,0,0
6/28/18 0:00,17700.8,17701,4372.6,963.7,6.7,2090.1,1.6,23.5,38.8,63,0,800.6,24.6,49,49.2,49.5,24.2,24.6,49,49,49.4,24.2,24.5,48.7,49.1,49.2,24.1,24.3,48.3,48.6,49.3,24.1,24.1,48.3,48.8,49.2,24.2,24.3,48.6,49.2,49.3,24.2,24.5,48.8,49.1,49.5,24.2,24.3,48.5,48.9,48.8,24.2,47.3,14074.7,14075.5,527.9,95.7,39.9,132.3,132.3,720.8,76.2,82,10756.1,837.9,760.7,747.3,814.4,43,42.8,46.1,129.7,129.3,822.4,818.5,907.2,892.4,875,871.6,19.9,37.9,73.4,837.8,809.7,788.2,799.3,806.1,787.2,835.1,801.4,785.1,799.8,808.4,810,822.4,793.7,780.4,799.4,805.3,786.9,819.7,784.6,775,796.9,805.3,804.5,815,778.2,763.1,795.2,797.1,798.4,820.2,787.8,778.5,801.9,802.1,807.9,833.5,795.7,781.6,799.1,808.5,808.2,829,789.4,776,800.2,809.7,805.5,0.7,1.2,0.7,33,2.4,32.2,391.5,32,32.2,389,32,32.2,389.3,32,32.2,389.4,32,12151,5.5,0
7/5/18 0:00,18746.3,18746.8,4679.5,1050.2,0,2229,1.6,25.2,36.1,63.3,0,799.1,24.1,47.8,48.1,48.5,23.6,24,47.9,48,48.3,23.6,23.9,47.5,47.9,48.1,23.4,23.6,47,47.4,48.2,23.4,23.5,47,47.6,48.2,23.5,23.7,47.4,48.1,48.2,23.5,23.9,47.6,48,48.5,23.7,23.6,47.4,47.8,48,23.7,53.2,14698.2,14698.7,578.9,96.8,37.3,147.2,147.2,760.4,84.1,84.2,10905.2,838.3,758,739.6,813.5,39.3,39.1,42.4,134.8,134.2,821.8,817.7,905.4,891,874.7,871.5,15.1,34.8,73.2,838.3,807.5,784.5,797,806.6,788.3,835,798.7,780.4,797,809.2,812.8,821.1,790.2,775.4,796.5,805.7,787.4,819,779.9,769.7,794.8,806.5,807.4,814,773.7,758.1,793,797.5,800.6,819.3,784.7,774.9,800.1,802.6,810.3,834.1,793.1,777.2,796.9,808.8,810.7,829.1,785.9,770.8,797.6,808.8,807.8,0.7,1.3,0.8,33.6,1.8,36,382.4,36,36,379.3,36,36,379.9,36,36,380.6,36,12151,0,0
7/12/18 0:00,18914.6,18915,4741.3,1067,0,2221.2,1.6,24.9,36.5,63.3,0,798.9,24.1,47.8,48.1,48.5,23.6,24,47.8,47.9,48.2,23.6,23.9,47.4,47.9,48.1,23.4,23.6,47,47.3,48.2,23.4,23.5,47,47.6,48.1,23.5,23.7,47.4,48.1,48.2,23.5,23.9,47.6,48,48.5,23.7,23.6,47.3,47.8,47.9,23.7,53.1,14722.3,14722.8,580,96.8,37.8,147.2,147.2,760.4,84.1,84.2,11069.1,838.3,757.5,739.3,813.5,39.7,39.6,42.9,134.7,134.2,821.4,817.5,905.2,891.1,874.8,871.5,15.9,35.4,74.1,838.4,807.4,784,796.6,806.3,788,835.1,798.4,780.1,796.6,808.9,812.6,821,789.8,775,796.4,805.7,787.1,818.6,779.3,769.2,794.3,806.2,807.4,814.1,773.6,757.4,792.5,797.1,800.3,819.5,784.8,774.9,799.9,802.4,810.1,834.1,792.7,776.9,796.5,808.6,810.6,829,785.6,770.1,797,808.3,807.6,0.7,1.3,0.8,33.5,1.7,36,382.1,36,36,379.1,36,36,379.8,36,36,380.5,36,12151,0,0
7/19/18 0:00,18916.3,18916.8,4741.9,1064.5,0,2180.2,1.6,24.9,35.7,63.3,0,798.7,24,47.7,48,48.4,23.5,24,47.7,47.9,48.2,23.5,23.9,47.4,47.9,48,23.4,23.6,46.8,47.2,48.1,23.4,23.4,46.9,47.5,48.1,23.5,23.7,47.3,48,48.2,23.5,23.9,47.6,47.9,48.5,23.7,23.7,47.2,47.8,47.8,23.7,53.1,14715.2,14715.8,579.1,96.7,36.9,147.2,147.2,760.5,84.1,84.2,11232.9,838.3,757.1,738.8,813.2,38.8,38.7,41.9,133.9,133.5,821.2,817.3,904.9,890.8,874.4,871.3,15.2,34.8,73.3,838.2,807.4,783.7,796.4,806.2,787.8,835,798.3,779.9,796.4,809,812.6,820.8,789.4,774.8,796.5,805.6,787.2,818.3,778.7,768.8,794,806,807.3,813.8,773.4,757.1,792.2,796.8,800,819.3,784.7,774.6,799.7,802.1,809.9,833.9,792.3,776.5,796.1,808.4,810.4,828.6,785.2,769.7,796.7,808.2,807.5,0.7,1.3,0.8,33.2,1.7,36,381.6,36,36,378.3,36,36,379.1,36,36,379.9,36,12151,0,0
7/26/18 0:00,18953.9,18954.4,4756.3,1077.2,0,2089.5,1.6,24.8,35.6,63.3,0,798.6,24,47.7,47.9,48.4,23.5,23.9,47.7,47.8,48.1,23.5,23.9,47.3,47.8,48,23.3,23.6,46.7,47.2,48.1,23.3,23.4,46.7,47.4,48,23.5,23.7,47.3,48,48.3,23.5,23.9,47.5,47.9,48.4,23.6,23.6,47.1,47.7,47.7,23.6,53,14700.6,14701.1,585.7,96.7,36.7,147.2,147.2,760.4,84.1,84.2,11396.7,838.2,756.8,738.5,813.1,38.7,38.7,41.9,133.9,133.1,821.3,817.5,905.1,891,874.6,871.6,14.8,34.4,73.1,838.3,807.1,783.4,796.2,806,787.7,835.1,797.9,779.8,796.4,808.9,812.4,820.9,789.3,774.8,796.4,805.6,786.9,818.3,778.5,768.6,793.7,806.1,807.3,814,773.4,756.7,792,796.8,800,819.6,784.8,774.7,799.7,801.6,810,834,792.3,776.5,796.1,808.3,810.5,828.7,784.9,769.4,796.5,808.2,807.5,0.7,1.3,0.8,32.7,1.7,36,381.2,36,36,377.8,36,36,378.7,36,36,379.5,36,12151,0,0
8/2/18 0:00,19237.6,19238.1,4861.6,1108.1,0,2061.3,1.6,24.2,37.9,63.3,0,798.1,24,47.6,47.9,48.3,23.5,23.9,47.6,47.7,48,23.5,23.8,47.2,47.7,48,23.4,23.5,46.6,47.1,48,23.4,23.3,46.6,47.3,48,23.5,23.6,47.2,47.9,48.4,23.5,23.9,47.4,47.8,48.4,23.6,23.6,47,47.6,47.7,23.6,52.9,14730.6,14731.2,588.2,97,39.2,147.2,147.2,760.4,84.1,84.2,11560.6,838.3,756,738.2,813.1,41.1,40.9,44.4,135.2,134.8,821.1,817.3,905.3,891.1,874.8,871.8,17.9,36.9,76,838.3,807.2,782.7,795.5,805.4,787.1,835.1,797.1,779.1,795.6,808.3,811.9,820.8,788.2,774.2,796.4,804.7,785.9,817.6,777.7,767.8,792.7,805.3,806.8,814.1,773.3,755.8,791.4,796.1,799.6,820,784.8,774.4,799.2,800.3,809.6,833.4,791.4,775.7,795.5,808.1,810.2,828.6,784.2,768.6,795.7,807.8,807.2,0.8,1.3,0.8,33,1.7,36,380.7,36,36,377.4,36,36,378.5,36,36,379,36,12151,0,0
8/9/18 0:00,19193.7,19194.1,4844.7,1102.8,0,2011.9,1.6,24.4,35.9,63.3,0,798.3,24,47.5,47.8,48.2,23.4,23.8,47.5,47.7,48,23.4,23.8,47.1,47.7,47.9,23.3,23.5,46.6,47,48,23.3,23.3,46.5,47.3,47.9,23.4,23.6,47.1,47.8,48.3,23.4,23.8,47.4,47.7,48.3,23.6,23.5,47,47.5,47.6,23.6,53.1,14788.7,14789.2,591.3,96.6,37.1,147.8,147.8,763.6,84.1,84.2,11724.4,838.4,756,738,813.2,39.1,38.9,42.2,133.9,133.5,821.3,817.4,905.4,891.3,874.8,871.8,15.2,34.6,73.7,838.4,807.4,782.8,795.9,805.8,787.4,835.1,797.1,779.1,796,808.8,812.3,821,788.6,774.3,796.8,804.8,786,817.6,777.9,768,792.9,805.9,807.4,814.3,773.4,755.9,791.9,796.5,799.9,820,784.9,774.5,799.7,800.5,809.8,833.6,791.7,775.9,795.9,808.5,810.7,828.7,784.5,768.8,796.1,808.3,807.7,0.8,1.3,0.8,33,1.7,36.2,379.9,36.2,36.2,376.7,36.2,36.2,377.8,36.2,36.2,378.2,36.2,12151,0,0
8/16/18 0:00,19247.6,19248.1,4863.1,1113.8,0,1971.6,1.6,24.5,35.5,63.3,0,798.3,23.9,47.5,47.7,48.2,23.4,23.8,47.5,47.6,47.9,23.4,23.8,47,47.6,47.8,23.3,23.4,46.5,46.9,47.9,23.3,23.3,46.5,47.2,47.8,23.4,23.5,47.1,47.8,48.2,23.4,23.8,47.3,47.7,48.2,23.5,23.4,46.9,47.4,47.5,23.5,53.3,14833,14833.5,594.9,96.6,36.7,148.6,148.6,767.5,84.1,84.2,11888.2,838.4,755.6,737.7,813.1,38.7,38.5,41.9,134.4,134.1,821.4,817.5,905.5,891.2,874.8,871.9,14.8,34.4,73.5,838.5,807.5,782.6,795.6,805.8,787.4,835.4,796.8,778.8,795.8,808.8,812.5,820.9,788,774.1,797.2,805,785.8,817.3,777.5,767.7,792.6,805.8,807.5,814.3,773.6,755.5,791.8,796.4,799.9,820.2,784.8,774.3,799.5,800.6,809.9,833.1,790.9,775.6,795.8,808.8,811.1,828.7,784.3,768.4,796,808.5,807.9,0.8,1.3,0.8,33.1,1.8,36.3,379.3,36.3,36.3,376.2,36.3,36.3,377.2,36.3,36.3,377.5,36.3,12151,0,0
8/23/18 0:00,19322.5,19323,4891.6,1120.3,0,2141.5,1.6,24.4,35.5,63.3,0,798.6,23.9,47.4,47.7,48.1,23.4,23.8,47.4,47.5,47.8,23.4,23.7,47,47.6,47.8,23.3,23.4,46.5,46.9,47.8,23.3,23.3,46.5,47.2,47.8,23.4,23.5,47.1,47.8,48.2,23.4,23.7,47.2,47.7,48.2,23.5,23.4,46.9,47.4,47.4,23.5,53.5,14879.5,14880,593.7,96.7,36.4,149.2,149.2,770.9,84.1,84.2,12052.1,838.2,755.2,737.7,813.3,39.5,39.3,42.8,136.3,135.7,821.6,818.2,905.7,891.7,874.9,872.2,16.7,34.5,74.3,838.3,807.6,782.3,795.8,806.1,787.5,835.4,796.6,778.9,796.1,809,812.9,821.1,788,774.7,797.8,805.7,786.1,817.2,777.9,768.1,792.6,806.2,808.1,814.6,773.6,755.1,792,797.1,800.7,821.1,785.8,775.4,800.5,801.9,811,832.6,790.8,776,796.4,809.8,811.9,829.1,784.7,768.6,796.4,809,808.5,0.8,1.3,0.8,33.7,1.8,36.5,379.2,36.5,36.5,376,36.5,36.5,377.1,36.5,36.5,377.3,36.5,12151,0,0
8/30/18 0:00,17808.5,17809,4414.3,974.9,0,1993.5,1.6,23.3,36.1,63.1,0,800.5,24.5,48.6,48.8,49.2,24,24.4,48.6,48.7,49,24,24.3,48.2,48.7,48.9,23.9,24,47.7,48.1,49,23.9,23.9,47.7,48.4,48.9,24,24.2,48.3,48.9,49.2,24,24.3,48.4,48.8,49.3,24.1,24,48.2,48.6,48.6,24.1,46.8,14075.4,14075.7,526.6,94.8,37,132.5,132.5,724.3,75.9,81.9,12213,837.9,758.8,746.5,814.5,40.1,40,43.4,129.8,128.9,822.5,819.1,908,893,875.4,872.1,19.6,35.7,71.1,838,810.4,787.5,799,805.9,787.9,835.4,800.3,784.4,799.5,808.9,810.4,822.4,792,780.5,800.6,805.5,786.2,818,783.2,774.4,795.3,805.5,805.4,815.5,778.7,761.4,794.9,797.2,798.6,821.8,790.1,780.6,803.1,801.9,808.6,832.4,794.4,781.4,799.3,809.5,809.6,829.3,789,774.5,799.7,808.6,805.9,0.7,1.2,0.7,32.8,2.4,32.2,388.4,32,32.2,385.7,32,32.2,386.8,32,32.2,386.9,32,12151,6.2,0
9/6/18 0:00,18396.5,18396.9,4549.2,992.1,0,2087.9,1.6,25.2,31.9,63.3,0,799.9,24,47.6,47.9,48.3,23.5,23.9,47.6,47.7,48,23.5,23.9,47.2,47.7,47.9,23.4,23.5,46.8,47.1,48.1,23.4,23.4,46.7,47.4,48,23.5,23.6,47.4,48,48.3,23.5,23.8,47.5,47.8,48.4,23.6,23.5,47.3,47.7,47.6,23.6,51.5,14305.1,14305.6,542,95.5,32.5,143.1,143.1,739.4,84.1,84.2,12361.8,838.2,758.6,740.1,814,35,34.8,37.8,130,128.3,821.5,818.7,905.3,891.7,874.6,872.1,16.4,31.3,69.5,838.4,806.9,786,798.1,807.2,789.3,834.2,798.9,780.8,797.1,809.2,811.9,822.3,791.7,776.3,796.1,805.2,786.7,819.2,780.4,770.1,795.7,806.6,807.5,814.1,774.3,758.6,794,798.3,800.5,819.9,789.5,780.8,803.6,803.6,811.1,833.8,793.9,779.2,798.4,809.4,810.7,830.3,788.5,773,799.7,810.5,807.8,0.7,1.2,0.7,32.1,1.7,35,380.6,35,35,377.5,35,35,378.9,35,35,379.2,35,12151,0,0
9/13/18 0:00,18548,18548.4,4604.4,1003.5,0,2083.2,1.6,24.9,33.2,63.3,0,800.1,24,47.6,47.9,48.3,23.4,23.9,47.6,47.7,48,23.4,23.8,47.2,47.7,47.8,23.4,23.5,46.8,47.1,48,23.4,23.4,46.7,47.4,48,23.5,23.6,47.4,48,48.3,23.5,23.8,47.5,47.8,48.4,23.6,23.5,47.3,47.6,47.6,23.6,51.6,14351.6,14352,546.3,96.2,33.7,143.4,143.4,741.1,84.1,84.2,12525.6,838.2,758.4,740.1,814.1,36.2,36,39.1,130.6,129,821.5,818.8,905,891.7,874.5,872,18.8,32.8,70.7,838.3,806.6,785.8,798.1,807.3,789.3,834.2,798.7,780.8,797.1,809.4,812.1,822.4,791.8,776.7,796.5,805.6,787.1,819.2,780.5,770.4,795.6,806.7,807.9,814.1,774.5,758.4,793.9,798.4,800.9,820.3,789.7,780.5,803.5,803.9,811.3,834.3,794.5,779.5,798.4,809.6,810.9,830.5,789,773.1,799.8,810.8,808,0.7,1.2,0.7,32.6,1.7,35.1,380.3,35.1,35.1,377.4,35.1,35.1,378.6,35.1,35.1,378.9,35.1,12151,0,0
9/20/18 0:00,18664.3,18664.7,4646.9,1030.4,0,2087.6,1.6,25.3,30.9,63.3,0,800,23.9,47.4,47.7,48.1,23.4,23.8,47.4,47.5,47.8,23.4,23.7,47.1,47.6,47.7,23.3,23.4,46.6,46.9,47.9,23.3,23.3,46.6,47.2,47.8,23.4,23.6,47.3,47.8,48.1,23.4,23.7,47.3,47.7,48.2,23.5,23.4,47.1,47.5,47.4,23.5,52.6,14589.1,14589.5,567.1,96,31.4,146.7,146.7,757.7,84.1,84.2,12689.5,838.2,757.2,739,814.1,34,33.9,37,131.6,130.2,821.8,819,905.9,892.7,875,872.9,15.8,30.4,69.3,838.2,806.5,784.4,797.6,807.3,789.2,835,797.1,780,796.8,809.7,812.8,822,790.4,776.2,797.7,806.5,787.1,818.5,779.2,769.4,794.9,807.3,808.6,814.6,774.2,757.1,793.3,798.6,801.8,822,789.9,779.4,803.1,804.4,812.6,835.3,794,778.6,798.2,810.5,812.5,831,788.2,772.1,799,810.8,809.1,0.7,1.3,0.8,32.9,1.8,35.9,378.9,35.9,35.9,376,35.9,35.9,377.3,35.9,35.9,377.7,35.9,12151,0,0
9/27/18 0:00,18613.4,18613.8,4629.3,1027.1,0,2083.8,1.6,25.4,29.8,63.3,0,800.3,23.8,47.4,47.7,48.1,23.3,23.8,47.4,47.5,47.8,23.3,23.7,47.1,47.6,47.6,23.2,23.4,46.6,46.9,47.8,23.2,23.3,46.6,47.2,47.8,23.4,23.5,47.2,47.8,48.1,23.4,23.7,47.3,47.7,48.2,23.5,23.4,47.1,47.5,47.3,23.5,52.6,14619.8,14620.1,569.3,95.9,30.5,147,147,759.5,84.1,84.2,12853.3,838.2,757.3,739.1,814.1,33.1,32.8,36.1,131.5,130,821.9,819.2,905.7,892.5,874.9,872.9,14.3,29.4,69.1,838.2,806.5,784.5,797.8,807.8,789.6,835,797.1,780.2,797.2,810.2,813,822.1,790.6,776.6,798.2,807,787.4,818.6,779.2,769.6,795.2,807.9,809.1,814.5,774.3,757.2,793.4,798.9,802.1,822.2,789.9,779.5,803.3,804.9,813,835.4,794.3,779,798.4,810.8,812.8,831.1,788.4,772.5,799.4,811.2,809.5,0.7,1.3,0.8,33.1,1.8,35.9,378.6,35.9,35.9,375.9,35.9,35.9,377.2,35.9,35.9,377.4,35.9,12151,0.1,0
10/4/18 0:00,18904.9,18904.9,4745.6,1071.6,4.9,2105.8,1.6,24.9,31.6,63.1,0,799.6,23.8,47.3,47.6,47.9,23.3,23.7,47.3,47.4,47.6,23.3,23.6,46.9,47.5,47.5,23.2,23.3,46.5,46.8,47.7,23.2,23.2,46.5,47.1,47.7,23.3,23.5,47,47.6,47.9,23.3,23.6,47.1,47.5,48.1,23.4,23.3,46.9,47.3,47.2,23.4,52.8,14679.8,14680.1,580.1,97,32.2,148,148,765.2,83.9,84.1,13016.4,838.1,756.3,738.3,813.4,36.5,36.3,39.5,132.8,131.8,822.3,818.7,905.4,891.5,875,872.1,12.9,31.1,69.6,838.2,807.7,783.1,796.9,807,790,835.6,797.5,780.2,797.2,810,813.4,821.9,789.1,775.8,799,807.4,786.7,817.9,779.1,769.4,794.3,807.6,809.1,814.6,774.6,756.3,793.3,798.4,801.4,821.3,787,776.4,801.5,803.6,811.7,833.2,791.9,777.2,797.7,810.8,812.8,829.9,786.7,770.8,798.2,810.5,809.1,0.8,1.3,0.8,32.8,1.8,36.2,377.2,36.2,36.2,374.3,36.2,36.2,375.5,36.2,36.2,375.7,36.2,12151,0.1,0
10/11/18 0:00,18644.2,18644.7,4640.9,1046.5,0,2126.2,1.6,25.8,24.6,63.3,0,799.8,23.7,47.2,47.5,47.9,23.2,23.7,47.2,47.3,47.6,23.2,23.6,46.8,47.4,47.5,23.1,23.3,46.4,46.7,47.6,23.1,23.1,46.4,47,47.6,23.3,23.4,46.9,47.6,47.8,23.3,23.6,47.1,47.4,48,23.4,23.2,46.9,47.2,47.2,23.4,53.2,14769.8,14770.2,581.9,95.9,25.2,149.3,149.3,771.2,84.1,84.2,13180.1,838.2,756.4,737.6,813.3,29.2,29,32.4,129.6,128.1,822.1,818,905.6,891.4,875,871.6,4,24,62.6,838.3,807.3,783.4,797.1,807.6,790.8,835.6,797.8,780.5,797.5,810.6,814.2,821.5,789.4,775.7,798.5,807.6,787,818.1,779.2,769.6,794.7,808.3,809.8,814.2,774.4,756.3,793.3,798.6,801.5,820.5,786.3,776.3,801.5,803.5,811.8,833.9,793,777.7,797.7,810.9,813,830,787.1,771.3,798.4,810.3,809.6,0.8,1.3,0.8,32.9,1.8,36.5,376.9,36.5,36.5,374,36.5,36.5,374.9,36.5,36.5,375.6,36.5,12151,0,0
10/18/18 0:00,18196.9,18197.5,4481.6,996.2,0,2099.4,1.5,26.7,20.3,63.3,0,800.4,23.7,47.2,47.5,47.9,23.2,23.7,47.2,47.3,47.6,23.2,23.6,46.8,47.4,47.4,23.1,23.3,46.5,46.7,47.6,23.1,23.1,46.5,47.1,47.6,23.3,23.4,46.9,47.6,47.8,23.3,23.6,47.1,47.4,48,23.4,23.2,46.9,47.3,47.2,23.4,53.2,14682.3,14682.6,575.8,95.3,20.7,149.2,149.2,770.7,84.1,84.2,13344,838.3,757.4,738.3,813.5,25.1,24.9,28.2,128.1,126,822.1,817.9,905.2,891,874.5,871,70.7,19.5,58.3,838.4,807.1,784.6,798.1,808.8,791.8,835.3,798.4,781.3,798.1,811.4,814.8,821.5,790.4,776.3,798.4,808.2,787.8,818.3,779.7,770.3,795.9,809.2,810.4,813.8,774.6,757.4,793.9,799,801.7,819.8,786.6,777.1,802.1,803.9,812.1,834.7,794.2,778.7,798.3,811.3,813.3,830.3,788.1,772.7,799.5,811.3,810.2,0.7,1.3,0.8,33.5,1.8,36.5,376.9,36.5,36.5,374.1,36.5,36.5,374.9,36.5,36.5,375.6,36.5,12151,0,0
10/25/18 0:00,18298.4,18298.8,4517.2,1004.7,0,2098.3,1.5,26.5,19.7,63.3,0,800.3,23.7,47.2,47.5,47.8,23.2,23.6,47.2,47.3,47.5,23.2,23.6,46.8,47.4,47.4,23.1,23.3,46.4,46.7,47.6,23.1,23.1,46.4,47,47.5,23.2,23.4,46.9,47.5,47.7,23.2,23.6,47.1,47.4,47.9,23.4,23.2,46.9,47.3,47.1,23.4,53.2,14715.1,14715.6,577.3,95.4,19.9,149.3,149.3,771.2,84.1,84.2,13507.8,838.4,757,738,813.6,24.3,24.1,27.4,127.1,125.3,822,817.8,905.2,891.1,874.6,871,-2,18.8,57.7,838.4,807.3,784.4,797.9,808.5,791.7,835.4,798.2,781,797.8,811.2,814.6,821.4,790.2,776.1,798.5,808.1,787.5,818.3,779.5,770,795.6,809.1,810.2,813.9,774.5,757,793.8,798.9,801.6,820.1,786.5,776.9,802,803.9,812,834.8,794,778.5,798.1,811.2,813.3,830.1,787.9,772.5,799.3,811.3,810.2,0.7,1.3,0.8,33.1,1.8,36.5,376.6,36.5,36.5,373.8,36.5,36.5,374.6,36.5,36.5,375.4,36.5,12151,0,0
11/1/18 0:00,18621.6,18622.1,4634.1,1037,0,2132.4,1.5,25.8,23.9,63.3,0,799.9,23.7,47.2,47.5,47.8,23.2,23.6,47.2,47.3,47.5,23.2,23.6,46.8,47.4,47.4,23.1,23.3,46.4,46.6,47.5,23.1,23.1,46.4,47,47.5,23.2,23.4,46.9,47.5,47.8,23.2,23.6,47.1,47.4,47.9,23.4,23.2,46.9,47.2,47.1,23.4,53.1,14748.6,14749,577.9,96.1,24.4,149.2,149.2,770.9,84.1,84.2,13672.1,838.3,756.4,737.8,813.6,28.4,28.2,31.7,129.4,127.7,821.8,817.8,905.4,891.3,875,871.3,3.3,23.4,62.2,838.4,807.6,783.6,797.2,807.9,791.1,835.5,797.8,780.5,797.5,810.8,814.2,821.5,789.4,775.7,798.7,807.8,787,817.9,779.2,769.6,794.6,808.7,809.9,814.4,774.7,756.4,793.5,798.7,801.5,820.6,786.5,776.4,801.6,803.4,811.8,833.8,792.6,777.5,797.8,811.1,813.1,829.7,787.3,771.6,798.7,810.6,809.7,0.8,1.3,0.8,33.5,1.8,36.5,376.5,36.5,36.5,373.7,36.5,36.5,374.6,36.5,36.5,375.2,36.5,12151,0,0
11/8/18 0:00,17823.6,17824.2,4353.7,943,0,2118.1,1.5,27.5,16,63.3,0,800.4,23.7,47.1,47.5,47.8,23.2,23.6,47.2,47.3,47.4,23.2,23.6,46.8,47.4,47.3,23,23.2,46.4,46.6,47.5,23,23.1,46.4,47,47.5,23.2,23.3,46.9,47.5,47.7,23.2,23.6,47.1,47.4,47.9,23.4,23.2,46.9,47.2,47.1,23.4,53.1,14604.8,14605.4,568.3,94.7,16.3,149.3,149.3,771,84.1,84.2,13836.5,838.4,757.5,738,813.6,20.8,20.6,23.8,125.9,123.7,821.9,817.4,905.1,891,874.5,870.5,351.6,15.9,56.5,838.4,807,784.9,798.4,809.2,792.2,835.1,798.4,781.3,798.1,811.9,815,821.3,790.6,776.3,798.2,808.2,787.7,818.4,779.6,770.3,796,809.6,810.5,813.7,774.6,757.5,794,799,801.5,819.3,786.3,777.1,802.2,803.6,811.7,834.9,794.3,778.8,798.3,811.2,813.2,830.1,788.7,773.4,799.9,811.8,810.5,0.7,1.3,0.8,33.2,1.3,36.5,376.2,36.5,36.5,373.5,36.5,36.5,374.2,36.5,36.5,375.1,36.5,12151,0,0
11/15/18 0:00,18044.6,18045.2,4427.9,968.3,0,2129.3,1.5,27.3,14.6,63.3,0,800.2,23.6,47,47.4,47.7,23.1,23.5,47,47.1,47.3,23.1,23.5,46.6,47.3,47.2,23,23.2,46.3,46.5,47.4,23,23,46.3,46.9,47.4,23.1,23.3,46.7,47.4,47.6,23.1,23.5,46.9,47.2,47.8,23.3,23.1,46.8,47.1,46.9,23.3,53.5,14777.5,14777.9,560.5,95.4,14.8,150.9,150.9,779.3,84.1,84.2,14000.3,838.4,756.2,737.3,813.5,19.5,19.2,22.5,125.9,123.4,821.8,817.6,905.3,891.3,874.7,870.7,456.1,14,52.9,838.4,807.2,784,797.8,808.8,791.9,835.2,797.2,780.2,797.5,811.5,815,821.1,789.2,775.5,798.9,808.4,787,817.5,778.7,769.5,795.1,809.4,810.7,814,774.3,756.3,793.7,799,801.9,820.2,786.2,776.5,801.9,803.9,812.3,834,792.9,777.9,798.1,811.8,814.1,829.9,788,772.4,799.4,811.8,810.8,0.8,1.3,0.8,33.6,1,36.9,375.1,36.9,36.9,372.3,36.9,36.9,373.2,36.9,36.9,374,36.9,12151,0,0
11/22/18 0:00,18112.5,18113,4457.5,976.1,0,2131.1,1.5,27.2,13.2,63.3,0,800,23.6,47,47.3,47.6,23.1,23.5,47,47.1,47.2,23.1,23.5,46.6,47.2,47.2,23,23.1,46.2,46.4,47.3,23,23,46.2,46.8,47.3,23.1,23.2,46.7,47.3,47.5,23.1,23.5,46.9,47.2,47.7,23.3,23.1,46.7,47.1,46.9,23.3,53.6,14866.3,14866.7,566,95.3,13.4,151.3,151.3,781.2,84.1,84.2,14164.1,838.4,755.9,736.7,813.4,18.1,17.9,21.2,125.7,123.4,821.8,817.4,905.4,891.3,874.8,870.7,906.4,17.2,60.4,838.4,807.1,783.5,797.6,808.8,791.9,835.3,797.1,780.1,797.5,811.4,814.9,821,788.8,775.4,799.1,808.3,786.7,817.3,778.4,769.2,794.8,809.4,810.5,814,774.2,755.9,793.7,798.9,801.8,820.2,786,776.1,801.7,803.8,812.1,833.6,792.3,777.5,798,811.9,814.1,829.9,788,772.1,799.1,811.7,810.8,0.8,1.3,0.8,33.6,1,37,374.6,37,37,372,37,37,372.7,37,37,373.6,37,12151,0,0
11/29/18 0:00,18308.9,18309.4,4522.8,992.7,0,2138.4,1.5,26.8,15.5,63.3,0,800,23.6,46.9,47.3,47.6,23.1,23.5,47,47,47.2,23.1,23.5,46.6,47.2,47.1,22.9,23.1,46.2,46.4,47.3,22.9,23,46.2,46.8,47.3,23.1,23.2,46.7,47.3,47.5,23.1,23.5,46.9,47.2,47.7,23.2,23.1,46.7,47.1,46.9,23.2,53.6,14858.5,14859.1,565.8,95.7,15.7,151.3,151.3,781.6,84.1,84.2,14328,838.5,755.5,736.7,813.6,20.2,19.9,23.3,126.1,124.2,821.7,817.6,905.7,891.7,875.1,871,673.9,16.6,59.6,838.5,807.5,783.3,797.4,808.5,791.8,835.5,797,779.9,797.4,811.4,814.8,821.3,788.7,775.4,799.4,808.3,786.6,817.4,778.5,769.2,794.6,809.5,810.4,814.4,774.3,755.6,793.5,798.9,801.7,820.6,786.2,776,801.8,804,812.2,833.3,792.1,777.4,798.1,812.1,814.2,829.5,787.6,771.4,799,811.6,810.7,0.8,1.3,0.8,33.4,1,37,374.5,37,37,371.8,37,37,372.6,37,37,373.5,37,12151,0,0
12/6/18 0:00,17724,17724.6,4320.3,927.5,0,2111.5,1.5,28,10.2,63.3,0,800.1,23.5,46.9,47.3,47.6,23.1,23.5,46.9,47,47.2,23.1,23.5,46.6,47.2,47.1,22.9,23.1,46.2,46.4,47.3,22.9,23,46.2,46.8,47.2,23.1,23.2,46.7,47.3,47.4,23.1,23.5,46.9,47.1,47.6,23.2,23.1,46.7,47.1,46.9,23.2,53.5,14732.5,14732.9,561.4,95.1,10.1,151.4,151.4,782.1,84,84.2,14491.8,838.5,756.1,736.6,813.4,15.1,14.9,18.1,124.7,121.8,821.6,817.3,905.5,891.7,874.7,870.7,1452.2,16,61.7,838.4,806.7,783.8,797.9,809,792.1,835.3,797,780.2,797.6,811.8,815.1,821.1,789.2,775.3,799.2,808.5,786.9,817.5,778.4,769.3,795.2,809.7,810.6,813.9,774.1,756.2,793.7,799.1,801.8,820.1,786,776.3,801.9,803.9,812.2,834.4,793.2,777.9,798.2,812,814.2,829.8,788.3,772.6,799.5,811.8,811,0.7,1.3,0.8,33.5,1,37,374.2,37,37,371.6,37,37,372.3,37,37,373.3,37,12151,0,0
12/13/18 0:00,18286.1,18286.6,4514.3,1005.5,0,2137.6,1.5,26.8,15.4,63.3,0,799.8,23.5,46.9,47.2,47.5,23,23.5,46.9,47,47.2,23,23.4,46.6,47.2,47,22.9,23.1,46.2,46.4,47.2,22.9,23,46.2,46.8,47.2,23.1,23.2,46.6,47.3,47.4,23.1,23.4,46.8,47.1,47.6,23.2,23.1,46.7,47,46.8,23.2,53.5,14816.9,14817.3,573.9,95.8,15.5,151.4,151.4,781.9,84,84.2,14655.6,838.4,755.2,736.5,813.5,20,19.8,23.1,126.2,123.8,821.5,817.4,905.4,891.5,874.8,870.6,495.3,16,56.3,838.5,807.9,783,797.2,808.3,791.5,835.4,796.6,779.6,797.2,811.3,814.6,821.1,788.2,774.9,799.5,808.4,786.3,816.9,778.3,768.9,794.4,809.3,810.2,814.3,774.4,755.3,793.4,798.7,801.4,820.5,785.9,775.5,801.4,803.7,811.8,832.5,791.2,776.8,797.8,812.1,814.1,829.7,787.5,771.3,798.7,811.2,810.4,0.8,1.3,0.8,33.5,1,37,374,37,37,371.4,37,37,372.1,37,37,373,37,12151,0,0
12/20/18 0:00,18399.1,18399.7,4555.9,1016.1,0,2135.3,1.5,26.6,15.4,63.3,0,799.7,23.5,46.9,47.2,47.5,23,23.5,46.9,47,47.1,23,23.4,46.5,47.1,47,22.9,23.1,46.2,46.3,47.2,22.9,23,46.1,46.7,47.2,23.1,23.2,46.6,47.2,47.4,23.1,23.4,46.8,47.1,47.6,23.2,23,46.6,47,46.8,23.2,53.5,14845.3,14845.9,572.5,95.5,15.4,151.4,151.4,782,84,84.2,14819.5,838.4,755.2,736.4,813.4,20.1,19.8,23.3,126.1,124.1,821.5,817.5,905.6,891.7,874.9,870.7,535.3,16,58.4,838.4,807.7,782.8,796.9,808.2,791.5,835.4,796.6,779.6,797.1,811.2,814.6,821.2,788.2,774.9,799.5,808.4,786.2,817.1,778.4,769.1,794.2,809.3,810.3,814.4,774.5,755.2,793.4,798.6,801.2,820.4,786,775.5,801.5,803.7,811.7,832.8,791.2,776.9,798,812.2,814.2,829.8,787.4,771.1,798.8,811.4,810.4,0.8,1.3,0.8,33.9,1,37,373.7,37,37,371.1,37,37,371.9,37,37,372.7,37,12151,0,0
12/27/18 0:00,18455.6,18456.2,4575.7,1021.4,0,2118.3,1.5,26.5,17.2,63.3,0,799.7,23.5,46.8,47.2,47.5,23,23.4,46.9,46.9,47.1,23,23.4,46.5,47.1,47,22.9,23.1,46.1,46.3,47.2,22.9,22.9,46.1,46.7,47.2,23.1,23.2,46.6,47.2,47.3,23.1,23.4,46.8,47.1,47.6,23.2,23,46.6,46.9,46.7,23.2,53.5,14824,14824.4,571.7,96.2,17.2,151.4,151.4,782.1,84,84.2,14983.3,838.4,755.1,736.3,813.5,21.8,21.6,24.9,127.2,125,821.5,817.4,905.4,891.5,874.8,870.6,368.4,16.8,56,838.5,808.2,782.8,796.9,808.1,791.4,835.4,796.7,779.6,797.2,811.3,814.5,821.1,788,774.8,799.6,808.5,786.2,817,778.5,768.9,794,809.2,810.3,814.5,774.6,755.1,793.4,798.6,801.2,820.5,785.9,775.3,801.4,803.6,811.5,832.1,790.7,776.7,797.9,812.2,814.2,829.7,787.1,770.9,798.6,811.3,810.2,0.8,1.3,0.8,33.9,1,37,373.5,37,37,370.9,37,37,371.7,37,37,372.5,37,12151,0,0
1/3/19 0:00,18418.7,18419.4,4561.4,1019.9,0,2115.4,1.5,26.6,14.6,63.3,0,799.7,23.5,46.8,47.1,47.4,23,23.4,46.8,46.9,47,23,23.4,46.5,47.1,46.9,22.8,23.1,46.1,46.3,47.1,22.8,22.9,46.1,46.7,47.1,23,23.1,46.5,47.2,47.3,23,23.4,46.7,47,47.5,23.2,23,46.6,46.9,46.7,23.2,53.4,14845.8,14846.4,579.1,95.7,14.6,151.4,151.4,782.1,84,84.2,15147.2,838.4,754.9,736.2,813.4,19.3,19.1,22.4,125.3,123.2,821.2,817.2,905.4,891.4,874.8,870.3,623.4,14.6,55.1,838.5,808.1,782.6,796.9,808.3,791.4,835.4,796.5,779.5,797.1,811.3,814.4,821.1,787.9,774.7,799.6,808.7,786.1,816.8,778.3,768.9,794.1,809.4,810.3,814.4,774.6,754.9,793.4,798.5,801.1,820.4,785.8,775.2,801.4,803.7,811.5,832.3,790.8,776.5,797.8,812.3,814.3,830.1,787.4,771.1,798.7,811.5,810.4,0.8,1.3,0.8,33.5,1,37,373.1,37,37,370.5,37,37,371.3,37,37,372.1,37,12151,0,0
1/10/19 0:00,17772.5,17773,4336.4,935,0,2103.9,1.5,27.9,8.3,63.3,0,799.7,23.4,46.7,47.1,47.4,22.9,23.4,46.8,46.9,47,22.9,23.4,46.4,47.1,46.8,22.8,23,46.1,46.2,47.1,22.8,22.9,46.1,46.7,47.1,23,23.1,46.5,47.1,47.2,23,23.4,46.7,47,47.5,23.1,23,46.6,46.9,46.6,23.1,53.3,14748.5,14748.9,566.3,94.6,8.3,151.4,151.4,782.1,84,84.2,15311,838.4,755.4,735.6,813.3,13.3,13.1,16.4,123.6,121.2,821,816.8,905.4,891.3,874.6,870,1764.9,19,75.5,838.5,806.9,782.9,797.2,808.7,791.7,835.2,796.5,779.7,797.2,811.8,814.7,820.9,788.4,774.8,799.3,808.6,786.4,817.1,778.1,768.9,794.7,809.6,810.4,813.9,774.2,755.3,793.4,798.7,801.1,819.8,785.2,775.1,801.4,803.2,811.4,833.5,792,777.1,797.7,811.9,814.1,830.3,788.3,772.3,799.2,811.9,810.7,0.7,1.3,0.8,33.6,1,37,372.6,37,37,370.1,37,37,370.7,37,37,371.9,37,12151,0,0
1/17/19 0:00,15991.9,15992.3,3795,801.7,637.5,1858.1,6.9,25.4,9.4,66.4,0.1,801.5,24.2,48.3,48.6,48.9,23.8,24.2,48.3,48.4,48.5,23.8,24.1,48.1,48.5,48.4,23.7,23.9,47.8,47.9,48.6,23.7,23.8,47.8,48.3,48.6,23.9,24,48.1,48.6,48.7,23.9,24.1,48.3,48.5,48.9,24,23.9,48.2,48.4,48.2,24,44.3,13779.7,13780,483.2,93.8,9.4,128.3,128.3,712,76.6,80.9,15465.6,837.4,759.8,748.7,814.3,100,97.7,86.2,119.8,115.2,822.2,816.9,905,890.4,872.8,867.3,1370.8,17.9,67.9,837,811.2,790.1,801.6,808.4,791.7,833.9,800.7,786.7,801.5,811.4,811.3,821.7,792.9,782.3,803.1,808.2,786.3,817.3,785,777.4,798.2,808.5,806.6,814.1,780,763.2,796.8,798.4,797.8,818.7,788.3,779.4,802.9,801.6,807,830.7,795,783.1,800.6,810.7,810,829.2,792.7,779.9,803,810.4,806.2,0.6,1.2,0.7,33.3,1.8,30.8,385.2,30.8,30.8,383.2,30.7,30.8,327.9,30.8,30.8,384.6,30.8,12151,8.6,0
1/24/19 0:00,10603.6,10608.6,2572.9,556.3,282.2,2018.4,4.2,22.5,8,41.4,0,666.8,16.2,32.6,32.9,33,16.1,16.2,32.6,32.8,33,16.1,16.2,32.5,33,32.7,16.1,16,32.1,32.4,32.9,16.1,16,32.1,32.7,33.1,16.3,16.1,32.4,32.8,33.1,16.3,16.2,32.4,32.9,33.2,16.2,16.1,32.6,32.9,32.9,16.2,31.2,9157.3,9157.5,346.5,60.7,9,89.5,89.4,524.8,65.9,76.2,15580.6,695.5,635.8,628.6,674.1,49.6,48.5,45.7,93.5,107.5,686.7,682.1,741.4,732.2,719.4,713.9,1374.6,20.9,82,689.3,675.2,659.8,668.4,672.6,660.7,687.1,665,656.2,667.7,673.6,672.7,678.7,659.5,653.6,668.6,670.5,654.4,675,654.9,651.1,665.7,671.7,669.1,673.5,651.5,641.6,665.9,666.2,664.4,675.9,656,651.3,670.2,668.2,671.8,684.6,661.3,654.3,667.8,675.1,674.1,685.1,659.9,653.5,670.2,673.8,669.6,0.4,0.8,0.5,33.7,0.8,21.6,259.8,21.6,21.6,259,21.5,21.6,259.2,21.6,21.6,260.1,21.6,12151,2.6,0
1/31/19 0:00,17425,17425.4,4235.4,909.8,0,4392.1,1.5,28.7,9,63.3,0,798.2,23.3,46.9,47,47.3,22.9,23.4,46.8,46.8,46.9,22.9,23.3,46.7,47,46.8,22.9,23.1,46.3,46.3,47.2,22.9,23.1,46.3,46.7,46.9,23,23.1,46.4,47,47.1,23,23.3,46.9,46.8,47.3,23.1,23.2,46.8,46.9,46.8,23.1,53.4,14793.6,14794.2,573.4,96.2,9.8,151.1,151.2,780.8,84.2,84.2,15713.2,838.2,754.9,734.7,812.5,14.9,14.7,18.3,125.1,121.8,822.5,816.1,905.1,889.6,874.7,868.3,1860.2,25.1,100.7,838.2,805.3,783,798,808.2,792.4,833.9,795,778.2,797.3,810.5,813.2,819.9,786,773,799,807.4,784.7,814.9,776.4,766.6,793.4,806.9,806.7,812.1,772.5,754.9,792.6,797.5,798.3,816.1,780.4,770,799.5,801.2,808.1,830.9,789.4,774.1,797.4,810.9,813.6,829.8,788.2,773.1,800.1,810.1,808.1,0.7,1.3,0.8,33.6,1,37,372.3,37,37,370.8,37,37,370.8,37,37,372.4,37,12151.2,0,0
2/7/19 0:00,17663,17663.5,4313.1,943.1,0,4393.6,1.5,28.1,10.5,63.3,0,795.6,23.2,46.7,46.8,47.1,22.8,23.3,46.5,46.6,46.7,22.8,23.2,46.5,46.8,46.6,22.7,23,46,46.1,47,22.7,22.9,46.1,46.5,46.7,22.8,23,46.2,46.8,46.9,22.8,23.2,46.7,46.6,47.1,23,23.1,46.5,46.7,46.6,23,53.2,14763.2,14763.9,586.1,96,11.6,151.3,151.3,781.8,84.1,84.2,15877.1,836.1,751.8,733.2,810.6,16.6,16.4,19.9,124.5,122.3,819.6,813.6,902.4,887.1,872.6,866.3,1872.3,23.4,92.1,836.2,804.1,779.6,795,805.3,789.2,831.5,792,774.9,794.3,807.5,810.5,817.2,782.4,770.2,796.8,804.9,781.5,811.8,774.2,763.9,789.5,804.1,804.4,810.4,770.8,751.8,790.4,794.6,795.2,813.6,777.8,767.2,796.7,798.8,805.3,826.8,785.3,771,795,809.4,811.5,827.8,785.4,770,797.2,807.7,805.9,0.8,1.3,0.8,33.3,1,37,370.6,37,37,369,37,37,369.1,37,37,370.6,37,12151,0,0
2/14/19 0:00,17928,17928.4,4407.5,966.1,0,4386.3,1.5,27.5,12.7,63.3,0,794.5,23.1,46.5,46.7,46.9,22.7,23.3,46.4,46.5,46.6,22.7,23.1,46.3,46.6,46.5,22.7,23,45.8,45.9,46.8,22.7,22.8,45.9,46.3,46.6,22.8,23,46,46.6,46.8,22.8,23.1,46.5,46.5,47,22.9,23,46.4,46.6,46.5,22.9,53,14774,14774.4,586.1,96.2,13.8,151.3,151.3,781.3,84.1,84.2,16040.9,835.1,750.3,732.5,809.8,18.8,18.7,22.2,125.1,123.1,818.5,812.7,900.7,885.7,871.3,865,1863.5,24.7,97.5,835,804.2,778.9,794,804.6,788.2,830.3,791.1,774.1,793.4,806.7,809.5,815.9,781.2,769.2,796,804.1,780.5,810.5,773.5,763,788,802.9,803.3,809.4,769.8,750.3,789.5,793.9,794.3,812.3,776.9,765.7,795.6,798,804.2,824.9,783.8,769.7,794.1,808.7,810.6,826.4,784.2,768.6,796,806.9,804.6,0.8,1.3,0.8,33.7,1,37,369.7,37,37,367.9,37,37,368.1,37,37,369.6,37,12151,0,0
2/21/19 0:00,17914.9,17915.3,4400.5,953.4,0,4356,1.5,27.5,12.6,63.3,0,794.4,23.1,46.5,46.6,46.9,22.7,23.2,46.3,46.4,46.5,22.7,23,46.2,46.6,46.4,22.6,23,45.8,45.9,46.8,22.6,22.8,45.8,46.2,46.6,22.7,22.9,45.9,46.6,46.7,22.7,23,46.4,46.5,47,22.9,23,46.3,46.5,46.4,22.9,52.9,14759,14759.4,583.6,96.1,13.7,151.2,151.2,781.2,84.1,84.2,16204.8,835,750,732.5,809.8,18.6,18.4,21.8,124.7,122.7,818.2,812.5,900.9,885.6,871.4,865.2,1838.7,24.2,97.2,835.1,804.4,778.8,793.8,804.4,787.9,830.3,791,773.9,793.1,806.5,809.2,815.9,781.2,769.1,795.8,804,780.3,810.2,773.5,763,787.7,802.7,803.3,809.5,769.8,749.9,789.4,793.8,794.1,812.4,776.9,765.7,795.3,798,804,824.5,783.5,769.6,794,808.6,810.5,826.5,784.1,768.4,795.9,806.8,804.5,0.8,1.3,0.8,33.5,1,37,369.2,37,37,367.4,37,37,367.6,37,37,369.1,37,12151,0,0
2/28/19 0:00,17912,17912.3,4398.9,955.6,0,4348.5,1.5,27.9,8.9,63.3,0,794.1,23,46.3,46.5,46.7,22.6,23.2,46.2,46.3,46.4,22.6,22.9,46.1,46.5,46.3,22.5,22.9,45.6,45.7,46.6,22.5,22.7,45.6,46,46.4,22.7,22.8,45.8,46.4,46.6,22.7,22.9,46.3,46.3,46.8,22.8,22.9,46.1,46.4,46.3,22.8,53.4,14906,14906.4,595.3,95.9,10.1,153,153,790.4,84.1,84.2,16368.6,834.9,748.8,731.8,810,15.1,14.9,18.4,124.3,122.1,818,812.6,900.9,885.7,871.6,865.4,1915.8,23.1,85.3,834.9,805.1,778.6,793.4,804.1,787.4,829.8,790.1,773.2,792.5,806.3,809,815.5,780.5,768.5,795.6,804,779.9,810,773.3,762.4,786.5,802.2,803.3,809.6,769,748.8,788.8,794.4,794.7,812.3,776.2,764.7,794.7,798.3,804.8,823.8,782.5,768.6,793.6,808.7,810.7,826.1,783.2,767.6,795.4,806.9,804.5,0.8,1.4,0.8,33.4,1,37.4,367.9,37.4,37.4,365.9,37.4,37.4,366,37.4,37.4,367.7,37.4,12151,0,0
3/7/19 0:00,18235.1,18235.4,4514.6,997.1,0,4306.7,1.5,27.2,13.1,63.3,0,793.7,23,46.3,46.5,46.7,22.6,23.1,46.1,46.2,46.3,22.6,22.9,46,46.4,46.2,22.5,22.9,45.6,45.6,46.6,22.5,22.7,45.6,46,46.4,22.6,22.8,45.7,46.3,46.5,22.6,22.9,46.2,46.3,46.8,22.8,22.9,46,46.3,46.2,22.8,53.4,14921.3,14922.1,597.3,96.7,14.1,153.4,153.4,792.4,84.1,84.2,16531.9,834.7,749.1,731.5,810,18.9,18.7,22.3,126.3,123.8,818,812.4,901.1,885.8,871.8,865.5,1827,25.5,101.9,834.7,805.3,778.2,793,803.6,787.2,829.2,789.4,772.6,792.5,806.2,809.1,814.8,779.9,767.8,795.2,803.7,779.5,810.6,773.8,762.3,786.3,801.6,802.3,809.7,769.2,749.2,788.3,793.8,794,812,776.2,764.4,794.2,797.7,804.1,823.5,782.1,768.2,793.3,808.6,810.6,825.1,781.8,766.3,794.7,806.3,804.3,0.8,1.4,0.8,34,1,37.5,367.7,37.5,37.5,365.6,37.5,37.5,365.8,37.5,37.5,367.3,37.5,12151,0,0
3/14/19 0:00,18615.8,18616.3,4648.8,1043.4,0,4322.8,1.5,26.5,17.3,63.3,0,793.4,23,46.3,46.4,46.7,22.6,23.1,46.1,46.2,46.3,22.6,22.8,46,46.4,46.2,22.5,22.9,45.6,45.6,46.5,22.5,22.6,45.6,46,46.3,22.6,22.8,45.7,46.3,46.5,22.6,22.8,46.2,46.2,46.8,22.8,22.8,46,46.3,46.2,22.8,53.4,14954.8,14955.5,603,96.4,18.6,153.5,153.5,792.9,84,84.2,16695.3,834.7,749.2,731.3,810.1,23.2,23,26.7,128,126.3,818.1,812.4,901.2,885.9,871.8,865.5,1587.9,27,104.7,834.6,805.5,778,792.9,803.5,787.3,829.1,789.4,772.4,792.7,806.1,809.3,814.6,779.7,767.6,795.1,803.7,779.5,810.9,773.9,762.2,786.1,801.2,802.1,809.7,769.4,749.4,787.9,793.3,793.3,812,776.1,764.1,793.8,797.2,803.2,823.7,782.2,768,792.9,808.2,810.3,824,780.8,765.3,794.1,805.9,803.9,0.8,1.4,0.8,34.2,1,37.5,367.5,37.5,37.5,365.4,37.5,37.5,365.6,37.5,37.5,367,37.5,12151,0,0
3/21/19 0:00,18603.9,18604.2,4644.2,1038.3,0,4302.9,1.5,26.4,16,63.3,0,793.6,23,46.2,46.4,46.6,22.5,23.1,46.1,46.1,46.3,22.5,22.8,45.9,46.4,46.1,22.4,22.8,45.5,45.5,46.5,22.4,22.6,45.5,45.9,46.3,22.6,22.8,45.7,46.3,46.5,22.6,22.8,46.1,46.2,46.7,22.7,22.8,45.9,46.2,46.1,22.7,53.3,14977,14977.3,599.3,96.4,17.3,153.5,153.5,792.9,84,84.2,16859.1,834.7,749.4,731.4,810.1,21.8,21.6,25.3,126.8,124.9,818,812.3,901.3,885.7,871.9,865.5,1780.2,26.5,111.6,834.8,805.7,778.2,792.8,803.5,787.2,829.1,789.4,772.6,792.8,806.3,809.3,814.7,780,767.9,795.3,803.8,779.5,811,774.1,762.5,786.4,801.2,801.9,809.7,769.6,749.6,788,793.4,793.4,812,776.1,764.2,794,797.4,803.4,823.7,782.2,768,793.1,808.4,810.5,824.4,781,765.6,794.1,806.1,803.9,0.8,1.4,0.8,33.7,1,37.5,367.1,37.5,37.5,365,37.5,37.5,365.2,37.5,37.5,366.6,37.5,12151,0,0
3/28/19 0:00,18863.4,18863.9,4739.4,1071.4,0,4237.7,1.5,26,19.4,63.3,0,793.7,22.9,46.2,46.4,46.6,22.5,23.1,46.1,46.1,46.3,22.5,22.8,45.9,46.3,46.1,22.4,22.8,45.5,45.5,46.5,22.4,22.6,45.5,45.9,46.2,22.6,22.8,45.7,46.2,46.4,22.6,22.8,46.1,46.2,46.7,22.7,22.8,45.9,46.2,46.1,22.7,53.3,15003.3,15004,591.9,96.5,20.7,153.5,153.5,792.8,84,84.2,17023,834.7,750,731.3,810.4,25.2,25,28.7,129,127.1,818.6,812.6,901.6,885.9,872.2,865.7,1618.3,28.9,117.1,834.7,805.5,778,792.9,803.9,787.9,829,789.3,772.6,793.2,806.7,809.9,814.8,780,767.8,795.4,804.1,779.9,811.5,774.4,762.5,786.6,801.4,802,810,770.2,750.2,788,793,792.9,812.2,776.6,764.6,794.1,797.1,802.9,824,782.4,768.2,793.2,808.5,810.6,823.8,780.7,765.3,794.3,806.2,804.1,0.8,1.4,0.8,34.3,1,37.5,367.1,37.5,37.5,364.9,37.5,37.5,365.2,37.5,37.5,366.5,37.5,12151,0,0
4/4/19 0:00,19127.5,19128.2,4832.8,1099.2,0,4220.5,1.6,25.4,22.5,63.3,0,793.6,22.9,46.1,46.4,46.6,22.5,23.1,46,46.1,46.3,22.5,22.8,45.9,46.3,46.1,22.4,22.8,45.5,45.5,46.5,22.4,22.6,45.5,45.9,46.2,22.6,22.8,45.6,46.2,46.4,22.6,22.8,46.1,46.2,46.7,22.7,22.7,45.9,46.2,46.1,22.7,53.3,15026,15026.2,596.9,96.9,23.9,153.5,153.5,792.8,84,84.2,17186.8,834.8,750.1,731,810.5,28.1,27.9,31.6,129.9,128.7,818.8,812.6,901.7,886.1,872.4,865.9,1387.9,30.3,119.1,834.7,805.4,777.5,792.7,803.8,788.1,829.2,789.4,772.6,793.3,806.7,810.2,814.6,780.1,767.7,795.4,804.2,780,811.8,774.5,762.4,786.5,801.2,802,810.1,770.5,750.3,787.9,792.7,792.7,812.3,776.8,764.6,794.1,797,802.5,824.4,782.7,768.2,793.2,808.3,810.7,823.4,780,764.8,794.1,806.1,804.1,0.8,1.4,0.8,34,1,37.5,366.9,37.5,37.5,364.7,37.5,37.5,365,37.5,37.5,366.3,37.5,12151,0,0
4/11/19 0:00,19311.2,19311.6,4900,1118.6,0,4165.5,1.6,25.1,24,63.3,0,793.7,22.9,46.1,46.3,46.6,22.5,23.1,46,46.1,46.3,22.5,22.8,45.9,46.3,46,22.4,22.8,45.4,45.5,46.5,22.4,22.5,45.5,45.9,46.1,22.6,22.8,45.6,46.2,46.4,22.6,22.7,46.1,46.1,46.7,22.7,22.7,45.9,46.1,46.1,22.7,53.2,15060.1,15060.6,613.1,96.7,25.5,153.3,153.3,792.2,84.1,84.2,17350.7,834.6,750.5,730.9,810.3,29.6,29.4,33.2,130.8,129.8,818.8,812.6,901.5,886,872.4,865.8,1259.9,30.6,118.1,834.7,805.4,777.5,792.7,804,788.3,828.9,789.2,772.5,793.5,806.8,810.5,814.6,780,767.5,795.5,804.4,780.3,811.9,774.6,762.3,786.6,801.2,801.9,810,770.5,750.6,787.7,792.5,792.7,812.4,776.9,764.7,794.1,797.1,802.3,824.3,782.7,768.2,793.2,808.5,810.8,823.2,780.1,764.8,794.4,806.3,804.2,0.8,1.4,0.8,33.9,1,37.5,366.6,37.5,37.5,364.4,37.5,37.5,364.8,37.5,37.5,365.9,37.5,12151,0,0
4/18/19 0:00,19738.3,19739,5056.4,1164.4,0,4069.4,1.6,24.3,27.6,63.3,0,793.7,22.9,46,46.3,46.5,22.5,23.1,46,46.1,46.2,22.5,22.7,45.8,46.2,46,22.4,22.8,45.4,45.4,46.5,22.4,22.5,45.5,45.8,46.1,22.5,22.8,45.6,46.2,46.3,22.5,22.7,46,46.1,46.6,22.7,22.7,45.8,46.1,46,22.7,53.2,15149.9,15150.4,603.5,97.1,29.2,153.4,153.4,792.3,84.1,84.2,17514.5,834.7,750.9,730.8,810.6,33.2,33.1,37,132.9,132.5,819.5,813,902.3,886.6,873,866.4,728.5,32.2,104.3,834.7,804.9,777.1,792.7,804.2,788.8,829,789.1,772.3,793.6,807.2,811,814.5,779.8,767.4,795.4,804.5,780.6,812.4,774.8,762.3,786.6,801.3,802,810.5,771,751,787.3,791.8,792,812.7,777.5,765,794.1,796.8,801.7,824.8,782.9,767.9,792.9,808.1,810.8,822.3,779.1,764.2,794,806,804.4,0.8,1.4,0.8,33.9,1,37.5,366.5,37.5,37.5,364.3,37.5,37.5,364.7,37.5,37.5,365.7,37.5,12151,0,0
4/25/19 0:00,19232.5,19232.9,4866.7,1097.6,0,3977.7,1.6,25.2,23.1,63.3,0,793.7,22.9,46,46.3,46.5,22.5,23,46,46,46.2,22.5,22.7,45.8,46.2,46,22.4,22.8,45.4,45.4,46.4,22.4,22.5,45.4,45.8,46.1,22.5,22.7,45.6,46.1,46.3,22.5,22.7,46,46,46.6,22.7,22.7,45.8,46.1,46,22.7,53.2,15034.6,15035.2,592.8,96.7,24.7,153.3,153.3,792.5,84.1,84.2,17678.3,834.6,750.6,730.9,810.3,28.8,28.5,32.3,130.3,128.6,819.2,812.8,901.6,886,872.4,865.6,1560.6,32.6,131.1,834.7,805.3,777.5,792.6,804,788.4,829.1,789.3,772.6,793.6,807.1,810.8,814.5,779.9,767.6,795.6,804.5,780.4,812,774.5,762.3,786.7,801.2,801.8,810.1,770.8,750.8,787.8,792.7,792.7,812.4,777,764.7,794.2,797.2,803,824.3,782.5,768,793.3,808.6,811.2,823.1,779.9,764.8,794.2,806.4,804.4,0.8,1.4,0.8,33.7,1,37.5,366.1,37.5,37.5,364,37.5,37.5,364.2,37.5,37.5,365.4,37.5,12151,0,0
5/2/19 0:00,19458.2,19458.7,4954.6,1125.9,0,3957.7,1.6,24.8,25.3,63.3,0,793.5,22.8,46,46.2,46.4,22.4,23,45.9,46,46.1,22.4,22.7,45.8,46.2,45.9,22.3,22.8,45.3,45.3,46.4,22.3,22.5,45.4,45.8,46,22.5,22.7,45.5,46.1,46.2,22.5,22.7,45.9,46,46.6,22.7,22.6,45.7,46,45.9,22.7,53.1,15066.6,15067.3,595.8,96.8,26.8,153.4,153.4,792.8,84.1,84.2,17842.2,834.6,750.6,730.4,810.3,30.9,30.7,34.4,131.3,129.8,819.4,812.9,901.8,886.2,872.7,865.8,1105.2,32.7,116.6,834.5,805,776.9,792.4,804,788.7,828.8,788.9,772.2,793.4,807.2,811.1,814.2,779.6,767.2,795.3,804.5,780.6,812.4,774.5,761.8,786.3,801,801.9,810.2,770.8,750.8,787.4,792,792.1,812.5,777.1,764.6,794,796.8,802.1,824.5,782.5,767.7,793,808.3,811,822.6,779.3,764.3,794,806.2,804.5,0.8,1.4,0.8,33.7,1.1,37.5,365.8,37.5,37.5,363.6,37.5,37.5,363.8,37.5,37.5,365,37.5,12151,0,0
5/9/19 0:00,19354.6,19355.3,4915.9,1104.2,0,3862.9,1.6,25,23,63.3,0,793.6,22.8,45.9,46.2,46.4,22.4,23,45.9,45.9,46.1,22.4,22.7,45.7,46.2,45.9,22.3,22.7,45.3,45.3,46.3,22.3,22.5,45.3,45.7,46,22.5,22.7,45.5,46.1,46.2,22.5,22.6,45.9,46,46.5,22.6,22.6,45.7,46,45.9,22.6,53.1,15055.4,15056.2,586.3,96.9,24.5,153.3,153.3,792.4,84.1,84.2,18006,834.7,750.5,730.6,810.3,28.6,28.4,32.1,129.8,128.2,819.4,812.9,902,886.2,872.8,865.6,1327.4,30.9,121.6,834.7,805,777.1,792.5,804.1,788.6,829,789,772.3,793.5,807.3,811.1,814.4,779.5,767.2,795.5,804.6,780.6,812.2,774.5,761.8,786.4,801.1,802.2,810.3,771,750.7,787.5,792.1,792.3,812.5,777,764.6,794.1,797,802.5,824.4,782.4,767.6,792.8,808.5,811.3,822.6,779.2,764.2,793.8,806.4,804.5,0.8,1.4,0.8,33.4,1.1,37.5,365.5,37.5,37.5,363.3,37.5,37.5,363.5,37.5,37.5,364.6,37.5,12151,0,0
5/16/19 0:00,19931,19931.7,5126.4,1187.4,0,3819.2,1.6,24,29.7,63.3,0,793.8,22.8,45.9,46.2,46.4,22.4,23,45.9,46,46.1,22.4,22.7,45.8,46.2,45.9,22.3,22.8,45.3,45.4,46.4,22.3,22.5,45.4,45.8,45.9,22.5,22.7,45.6,46.1,46.2,22.5,22.6,46,46,46.5,22.6,22.6,45.7,46,45.9,22.6,53.1,15135.2,15135.6,596.1,97.5,31.6,153.5,153.5,792.8,84,84.2,18169.8,834.7,751.1,730.8,810.8,35.2,35,38.9,133.6,133.4,820.3,813.4,903.1,887.1,873.6,866.6,580.9,33.9,102.1,834.7,804.4,776.6,792.8,804.5,789.4,829.2,788.9,772.2,793.7,807.6,811.8,814.7,780,767.2,795.5,804.8,781.2,812.9,775.1,762,786.6,801.3,802.8,811,771,751.1,786.6,791.2,791.6,813,777.9,765.3,794.4,796.6,801.7,825.3,782.9,767.7,792.8,808.1,811.1,821.8,778.6,763.9,794.1,806.3,804.6,0.8,1.4,0.8,34.7,1.1,37.5,365.7,37.5,37.5,363.6,37.5,37.5,363.9,37.5,37.5,364.8,37.5,12151,0,0
5/23/19 0:00,19596.1,19597.7,4992,1142.2,0,3775.3,1.6,24.5,27.1,63.3,0,793.6,22.8,45.9,46.2,46.4,22.4,23,45.9,45.9,46.1,22.4,22.7,45.7,46.1,45.8,22.3,22.7,45.3,45.3,46.3,22.3,22.4,45.3,45.7,45.9,22.5,22.7,45.5,46,46.1,22.5,22.6,45.9,45.9,46.5,22.6,22.6,45.7,46,45.8,22.6,53.1,15056.3,15056.4,589.5,97.4,28.4,153.5,153.5,792.5,84,84.2,18257.4,834.6,751,731,810,32.6,32.3,36.3,133.3,132.1,820,813.3,902.3,886.4,873.2,866.2,1223.5,35.3,129.4,834.4,804.7,776.6,792.5,804.6,789.7,829.1,788.8,772.4,793.8,807.8,812,814.1,779.5,767.2,795.4,804.7,781.2,812.3,775,762.1,786.8,801.2,802.9,810.7,770.8,751,786.8,791.8,792.3,812.7,777.2,764.9,794.7,796.9,802.1,824.8,782.6,767.4,792.4,808.5,811.3,821.7,778.5,764,793.9,806.4,804.6,0.8,1.4,0.8,33.7,1,37.5,365.4,37.5,37.5,363.3,37.5,37.5,363.5,37.5,37.5,364.5,37.5,12151,0,0